lead_id,received_time,first_contact_time,first_contact_channel,rep_name
L0001,2024-11-04 07:00:47,2024-11-04 07:52:47,Email,Sarah Johnson
L0002,2024-11-04 07:32:37,2024-11-04 07:50:37,Email,Mike Chen
L0003,2024-11-04 07:30:35,2024-11-04 09:27:35,Email,James Wilson
L0004,2024-11-04 08:00:48,2024-11-04 09:40:48,SMS,Mike Chen
L0005,2024-11-04 08:10:06,2024-11-04 08:37:06,Call,Lisa Brown
L0006,2024-11-04 08:01:46,2024-11-04 08:30:46,Email,Sarah Johnson
L0007,2024-11-04 08:49:56,2024-11-04 10:01:56,Email,Mike Chen
L0008,2024-11-04 08:32:54,2024-11-04 08:54:54,Email,James Wilson
L0009,2024-11-04 08:41:10,2024-11-04 09:03:10,Email,Sarah Johnson
L0010,2024-11-04 09:23:15,2024-11-04 13:07:15,Call,Lisa Brown
L0011,2024-11-04 09:10:53,2024-11-04 09:17:53,Call,Emily Davis
L0012,2024-11-04 09:59:36,2024-11-04 10:45:36,Call,James Wilson
L0013,2024-11-04 09:59:41,2024-11-04 10:19:41,Email,Lisa Brown
L0014,2024-11-04 10:13:57,2024-11-04 10:26:57,Call,Lisa Brown
L0015,2024-11-04 10:24:03,2024-11-04 10:39:03,Email,James Wilson
L0016,2024-11-04 10:12:24,2024-11-04 10:33:24,SMS,Lisa Brown
L0017,2024-11-04 10:00:43,2024-11-04 10:39:43,Email,Emily Davis
L0018,2024-11-04 10:39:27,2024-11-04 11:30:27,SMS,Emily Davis
L0019,2024-11-04 10:54:11,2024-11-04 11:39:11,SMS,Emily Davis
L0020,2024-11-04 10:46:38,2024-11-04 11:01:38,SMS,Lisa Brown
L0021,2024-11-04 11:29:00,2024-11-04 11:41:00,SMS,Emily Davis
L0022,2024-11-04 11:26:51,2024-11-04 12:07:51,Call,Sarah Johnson
L0023,2024-11-04 11:15:52,2024-11-04 12:09:52,Call,Mike Chen
L0024,2024-11-04 11:15:35,2024-11-04 11:58:35,SMS,James Wilson
L0025,2024-11-04 11:29:34,2024-11-04 12:19:34,Call,Emily Davis
L0026,2024-11-04 11:41:28,2024-11-04 12:01:28,Call,Mike Chen
L0027,2024-11-04 11:30:37,2024-11-04 11:35:37,Email,Sarah Johnson
L0028,2024-11-04 11:31:14,2024-11-04 11:57:14,Email,Sarah Johnson
L0029,2024-11-04 11:38:42,2024-11-04 12:29:42,Email,Lisa Brown
L0030,2024-11-04 12:15:51,2024-11-04 13:02:51,Call,James Wilson
L0031,2024-11-04 12:57:46,2024-11-04 14:13:46,Email,James Wilson
L0032,2024-11-04 12:55:55,2024-11-04 13:34:55,Call,James Wilson
L0033,2024-11-04 13:14:15,2024-11-04 13:54:15,Call,Sarah Johnson
L0034,2024-11-04 13:56:00,2024-11-04 15:39:00,Call,James Wilson
L0035,2024-11-04 13:36:55,2024-11-04 14:05:55,SMS,Sarah Johnson
L0036,2024-11-04 13:38:59,2024-11-04 17:01:59,Call,James Wilson
L0037,2024-11-04 14:01:37,2024-11-04 14:26:37,Call,Sarah Johnson
L0038,2024-11-04 14:15:32,2024-11-04 14:23:32,Call,Lisa Brown
L0039,2024-11-04 14:49:04,2024-11-04 15:01:04,Call,Lisa Brown
L0040,2024-11-04 14:49:02,2024-11-04 15:31:02,Email,Lisa Brown
L0041,2024-11-04 15:06:42,2024-11-04 15:36:42,Email,Mike Chen
L0042,2024-11-04 15:09:29,2024-11-04 18:07:29,SMS,Lisa Brown
L0043,2024-11-04 15:03:04,2024-11-04 15:16:04,SMS,Emily Davis
L0044,2024-11-04 15:28:15,2024-11-04 16:07:15,Email,Emily Davis
L0045,2024-11-04 15:50:33,2024-11-04 19:40:33,SMS,Sarah Johnson
L0046,2024-11-04 15:34:16,2024-11-04 16:14:16,Call,Mike Chen
L0047,2024-11-04 15:49:13,2024-11-04 16:34:13,Email,Emily Davis
L0048,2024-11-04 15:38:57,2024-11-04 16:23:57,SMS,James Wilson
L0049,2024-11-04 16:10:49,2024-11-04 19:04:49,Email,Lisa Brown
L0050,2024-11-04 16:17:00,2024-11-04 17:56:00,Call,Lisa Brown
L0051,2024-11-04 16:47:09,2024-11-04 17:15:09,SMS,Sarah Johnson
L0052,2024-11-04 16:36:43,2024-11-04 17:30:43,SMS,Lisa Brown
L0053,2024-11-04 16:43:39,2024-11-04 18:25:39,SMS,Mike Chen
L0054,2024-11-04 17:23:59,2024-11-04 19:27:59,Call,Emily Davis
L0055,2024-11-04 17:42:55,2024-11-04 20:40:55,Call,Emily Davis
L0056,2024-11-04 17:55:55,2024-11-04 18:12:55,Call,James Wilson
L0057,2024-11-04 17:57:04,2024-11-04 18:43:04,Call,Lisa Brown
L0058,2024-11-04 18:17:21,2024-11-04 18:38:21,Email,Mike Chen
L0059,2024-11-04 18:08:02,2024-11-04 20:29:02,Email,James Wilson
L0060,2024-11-04 18:42:57,2024-11-04 19:43:57,SMS,Lisa Brown
L0061,2024-11-04 19:23:47,2024-11-04 19:55:47,SMS,Sarah Johnson
L0062,2024-11-04 19:49:20,2024-11-04 20:13:20,Call,Lisa Brown
L0063,2024-11-04 19:43:20,2024-11-04 22:31:20,Email,James Wilson
L0064,2024-11-05 07:19:36,,,
L0065,2024-11-05 07:09:13,2024-11-05 10:09:13,Call,James Wilson
L0066,2024-11-05 08:28:50,2024-11-05 12:18:50,Call,Lisa Brown
L0067,2024-11-05 08:26:48,2024-11-05 08:43:48,Call,Mike Chen
L0068,2024-11-05 08:45:39,2024-11-05 09:16:39,Call,Lisa Brown
L0069,2024-11-05 09:15:25,2024-11-05 09:20:25,Email,Sarah Johnson
L0070,2024-11-05 09:07:11,2024-11-05 09:41:11,Email,Sarah Johnson
L0071,2024-11-05 09:29:54,2024-11-05 10:03:54,SMS,Lisa Brown
L0072,2024-11-05 09:19:20,2024-11-05 10:03:20,Call,Lisa Brown
L0073,2024-11-05 09:44:57,2024-11-05 11:48:57,Email,Emily Davis
L0074,2024-11-05 09:46:31,2024-11-05 09:55:31,Call,Emily Davis
L0075,2024-11-05 09:40:20,2024-11-05 09:54:20,Call,Mike Chen
L0076,2024-11-05 09:34:45,2024-11-05 10:00:45,Call,Lisa Brown
L0077,2024-11-05 09:31:13,2024-11-05 10:25:13,SMS,Lisa Brown
L0078,2024-11-05 10:28:48,2024-11-05 10:55:48,Email,Emily Davis
L0079,2024-11-05 10:27:57,2024-11-05 11:19:57,Email,Lisa Brown
L0080,2024-11-05 10:45:14,2024-11-05 11:14:14,Email,Emily Davis
L0081,2024-11-05 10:55:25,2024-11-05 11:08:25,Email,Lisa Brown
L0082,2024-11-05 10:59:25,2024-11-05 11:09:25,Call,James Wilson
L0083,2024-11-05 10:44:11,2024-11-05 11:02:11,Call,James Wilson
L0084,2024-11-05 10:54:56,2024-11-05 11:25:56,SMS,Emily Davis
L0085,2024-11-05 11:23:34,2024-11-05 12:41:34,Email,Sarah Johnson
L0086,2024-11-05 11:07:12,2024-11-05 11:27:12,Call,Mike Chen
L0087,2024-11-05 11:03:36,2024-11-05 11:24:36,Call,Emily Davis
L0088,2024-11-05 11:53:45,2024-11-05 12:17:45,Email,Sarah Johnson
L0089,2024-11-05 11:59:19,2024-11-05 12:28:19,SMS,James Wilson
L0090,2024-11-05 11:36:04,2024-11-05 11:56:04,Email,Sarah Johnson
L0091,2024-11-05 11:39:54,2024-11-05 12:34:54,Email,Lisa Brown
L0092,2024-11-05 12:13:42,2024-11-05 15:01:42,Call,James Wilson
L0093,2024-11-05 12:11:40,2024-11-05 12:25:40,Call,James Wilson
L0094,2024-11-05 12:50:17,2024-11-05 15:50:17,SMS,James Wilson
L0095,2024-11-05 12:48:17,2024-11-05 12:58:17,SMS,Emily Davis
L0096,2024-11-05 13:14:36,2024-11-05 13:20:36,SMS,James Wilson
L0097,2024-11-05 13:36:22,2024-11-05 14:19:22,Email,Emily Davis
L0098,2024-11-05 14:06:05,2024-11-05 14:46:05,Email,Mike Chen
L0099,2024-11-05 14:20:45,2024-11-05 16:17:45,Email,James Wilson
L0100,2024-11-05 14:09:42,2024-11-05 14:47:42,Call,Emily Davis
L0101,2024-11-05 14:40:22,2024-11-05 15:01:22,Call,Mike Chen
L0102,2024-11-05 14:36:20,2024-11-05 15:29:20,Call,Mike Chen
L0103,2024-11-05 14:53:30,2024-11-05 15:46:30,Email,Lisa Brown
L0104,2024-11-05 14:33:53,2024-11-05 14:49:53,Call,Emily Davis
L0105,2024-11-05 15:08:02,2024-11-05 15:57:02,Email,Mike Chen
L0106,2024-11-05 15:24:31,2024-11-05 15:47:31,Call,James Wilson
L0107,2024-11-05 15:10:11,2024-11-05 15:45:11,SMS,Sarah Johnson
L0108,2024-11-05 15:32:36,2024-11-05 15:46:36,SMS,Lisa Brown
L0109,2024-11-05 15:32:15,2024-11-05 19:11:15,Email,Mike Chen
L0110,2024-11-05 15:42:28,2024-11-05 16:24:28,Call,James Wilson
L0111,2024-11-05 16:19:47,2024-11-05 18:27:47,Call,Sarah Johnson
L0112,2024-11-05 16:05:35,2024-11-05 16:38:35,Call,Lisa Brown
L0113,2024-11-05 16:01:14,2024-11-05 16:35:14,Email,Sarah Johnson
L0114,2024-11-05 16:55:50,2024-11-05 17:12:50,Call,James Wilson
L0115,2024-11-05 16:37:41,2024-11-05 16:51:41,Call,Sarah Johnson
L0116,2024-11-05 16:55:19,2024-11-05 19:48:19,Call,Sarah Johnson
L0117,2024-11-05 16:39:44,2024-11-05 17:18:44,Call,James Wilson
L0118,2024-11-05 17:28:27,,,
L0119,2024-11-05 17:07:43,2024-11-05 21:00:43,Email,Emily Davis
L0120,2024-11-05 17:35:30,2024-11-05 21:05:30,Email,James Wilson
L0121,2024-11-05 17:45:05,2024-11-05 19:12:05,Call,Mike Chen
L0122,2024-11-05 17:52:31,2024-11-05 21:13:31,Call,Sarah Johnson
L0123,2024-11-05 18:10:07,2024-11-05 19:11:07,Call,Lisa Brown
L0124,2024-11-05 19:19:48,2024-11-05 21:28:48,Call,Lisa Brown
L0125,2024-11-06 07:15:07,2024-11-06 08:56:07,Email,Emily Davis
L0126,2024-11-06 07:17:26,2024-11-06 10:16:26,Email,Sarah Johnson
L0127,2024-11-06 08:09:32,2024-11-06 08:44:32,Call,James Wilson
L0128,2024-11-06 08:17:09,2024-11-06 09:52:09,Call,Sarah Johnson
L0129,2024-11-06 08:25:54,2024-11-06 09:26:54,Email,Emily Davis
L0130,2024-11-06 08:48:42,2024-11-06 09:27:42,Call,James Wilson
L0131,2024-11-06 08:47:48,2024-11-06 09:12:48,SMS,Mike Chen
L0132,2024-11-06 08:37:36,2024-11-06 10:59:36,Email,James Wilson
L0133,2024-11-06 09:12:42,2024-11-06 09:26:42,SMS,James Wilson
L0134,2024-11-06 09:04:32,2024-11-06 09:15:32,Call,James Wilson
L0135,2024-11-06 09:29:29,2024-11-06 10:15:29,Call,Mike Chen
L0136,2024-11-06 09:25:16,2024-11-06 10:11:16,SMS,Sarah Johnson
L0137,2024-11-06 09:27:43,2024-11-06 09:52:43,SMS,James Wilson
L0138,2024-11-06 09:32:15,2024-11-06 09:51:15,Call,Sarah Johnson
L0139,2024-11-06 09:33:48,2024-11-06 10:06:48,Email,Mike Chen
L0140,2024-11-06 10:01:20,2024-11-06 10:29:20,Call,James Wilson
L0141,2024-11-06 10:16:26,2024-11-06 10:31:26,Call,Mike Chen
L0142,2024-11-06 10:27:24,2024-11-06 11:09:24,Call,Mike Chen
L0143,2024-11-06 10:20:16,2024-11-06 10:54:16,Email,Emily Davis
L0144,2024-11-06 10:05:04,2024-11-06 10:47:04,Email,Emily Davis
L0145,2024-11-06 10:38:29,2024-11-06 11:07:29,Call,James Wilson
L0146,2024-11-06 10:42:36,2024-11-06 11:31:36,Call,Emily Davis
L0147,2024-11-06 10:56:42,2024-11-06 11:44:42,SMS,Sarah Johnson
L0148,2024-11-06 11:26:57,2024-11-06 11:45:57,SMS,Lisa Brown
L0149,2024-11-06 11:07:40,2024-11-06 12:00:40,Email,Mike Chen
L0150,2024-11-06 11:28:40,2024-11-06 12:01:40,Email,Sarah Johnson
L0151,2024-11-06 11:23:08,2024-11-06 12:15:08,Call,James Wilson
L0152,2024-11-06 11:47:56,2024-11-06 12:09:56,Call,Mike Chen
L0153,2024-11-06 11:56:30,2024-11-06 12:22:30,Call,Sarah Johnson
L0154,2024-11-06 12:24:14,2024-11-06 15:47:14,Call,Emily Davis
L0155,2024-11-06 12:38:34,2024-11-06 14:46:34,Call,Lisa Brown
L0156,2024-11-06 12:50:23,2024-11-06 12:56:23,SMS,Lisa Brown
L0157,2024-11-06 13:29:39,2024-11-06 14:03:39,Email,Emily Davis
L0158,2024-11-06 13:03:08,2024-11-06 13:39:08,Call,Sarah Johnson
L0159,2024-11-06 13:34:24,2024-11-06 16:53:24,Email,James Wilson
L0160,2024-11-06 13:53:09,2024-11-06 17:31:09,SMS,James Wilson
L0161,2024-11-06 13:38:02,2024-11-06 14:11:02,SMS,Mike Chen
L0162,2024-11-06 14:21:23,2024-11-06 17:03:23,Call,Emily Davis
L0163,2024-11-06 14:03:54,2024-11-06 14:21:54,SMS,Lisa Brown
L0164,2024-11-06 14:40:15,2024-11-06 14:58:15,SMS,Sarah Johnson
L0165,2024-11-06 14:47:13,2024-11-06 16:25:13,Call,Lisa Brown
L0166,2024-11-06 15:04:08,2024-11-06 16:11:08,Call,Mike Chen
L0167,2024-11-06 15:25:50,2024-11-06 15:41:50,Call,Emily Davis
L0168,2024-11-06 15:23:26,2024-11-06 15:58:26,Email,James Wilson
L0169,2024-11-06 15:16:37,2024-11-06 16:00:37,Email,Sarah Johnson
L0170,2024-11-06 15:51:33,2024-11-06 15:57:33,SMS,Sarah Johnson
L0171,2024-11-06 15:57:25,2024-11-06 16:47:25,Call,James Wilson
L0172,2024-11-06 15:32:20,2024-11-06 15:54:20,Email,Lisa Brown
L0173,2024-11-06 15:47:45,2024-11-06 18:44:45,Email,Lisa Brown
L0174,2024-11-06 16:22:07,2024-11-06 17:16:07,Email,Lisa Brown
L0175,2024-11-06 16:06:27,2024-11-06 16:32:27,Call,James Wilson
L0176,2024-11-06 16:40:27,2024-11-06 16:54:27,Call,James Wilson
L0177,2024-11-06 16:56:05,2024-11-06 17:48:05,SMS,Emily Davis
L0178,2024-11-06 16:47:03,2024-11-06 17:13:03,Call,Sarah Johnson
L0179,2024-11-06 16:57:42,2024-11-06 17:48:42,SMS,Sarah Johnson
L0180,2024-11-06 17:11:06,2024-11-06 17:58:06,Call,James Wilson
L0181,2024-11-06 17:03:22,2024-11-06 20:30:22,SMS,Mike Chen
L0182,2024-11-06 17:54:52,2024-11-06 21:30:52,Call,Emily Davis
L0183,2024-11-06 17:38:44,2024-11-06 19:25:44,Email,Mike Chen
L0184,2024-11-06 17:42:04,,,
L0185,2024-11-06 18:06:24,2024-11-06 20:30:24,Email,Lisa Brown
L0186,2024-11-06 18:34:10,2024-11-06 18:44:10,Call,Emily Davis
L0187,2024-11-06 18:43:31,2024-11-06 21:55:31,Call,Sarah Johnson
L0188,2024-11-06 19:48:31,2024-11-06 23:22:31,Call,Sarah Johnson
L0189,2024-11-07 07:06:49,2024-11-07 07:31:49,Call,Sarah Johnson
L0190,2024-11-07 07:35:08,2024-11-07 11:27:08,Call,Emily Davis
L0191,2024-11-07 08:01:27,2024-11-07 11:29:27,Email,James Wilson
L0192,2024-11-07 08:22:40,2024-11-07 08:28:40,Call,Emily Davis
L0193,2024-11-07 08:19:29,2024-11-07 09:47:29,Call,Mike Chen
L0194,2024-11-07 08:32:25,2024-11-07 10:16:25,Email,Sarah Johnson
L0195,2024-11-07 08:33:33,2024-11-07 12:19:33,Call,Mike Chen
L0196,2024-11-07 09:06:11,2024-11-07 09:52:11,Call,Sarah Johnson
L0197,2024-11-07 09:24:40,2024-11-07 10:17:40,Call,Lisa Brown
L0198,2024-11-07 09:48:41,2024-11-07 10:33:41,Call,Emily Davis
L0199,2024-11-07 09:32:30,2024-11-07 09:54:30,Call,Lisa Brown
L0200,2024-11-07 09:46:04,2024-11-07 09:54:04,SMS,Emily Davis
L0201,2024-11-07 09:32:41,2024-11-07 10:16:41,Email,Lisa Brown
L0202,2024-11-07 09:44:37,2024-11-07 09:51:37,SMS,James Wilson
L0203,2024-11-07 10:06:20,2024-11-07 10:14:20,Call,James Wilson
L0204,2024-11-07 10:28:53,2024-11-07 11:05:53,Call,Mike Chen
L0205,2024-11-07 10:22:28,2024-11-07 11:06:28,Call,Mike Chen
L0206,2024-11-07 10:29:18,2024-11-07 11:17:18,Call,Lisa Brown
L0207,2024-11-07 10:40:04,2024-11-07 11:09:04,Call,Emily Davis
L0208,2024-11-07 10:57:42,2024-11-07 11:11:42,Call,Emily Davis
L0209,2024-11-07 10:51:09,2024-11-07 11:37:09,Call,James Wilson
L0210,2024-11-07 10:52:05,2024-11-07 11:47:05,SMS,Emily Davis
L0211,2024-11-07 11:26:47,2024-11-07 11:36:47,Email,James Wilson
L0212,2024-11-07 11:00:23,2024-11-07 14:05:23,Call,Mike Chen
L0213,2024-11-07 11:04:09,2024-11-07 14:23:09,Call,Lisa Brown
L0214,2024-11-07 11:10:56,2024-11-07 11:39:56,Call,Mike Chen
L0215,2024-11-07 11:54:39,2024-11-07 12:27:39,Call,Sarah Johnson
L0216,2024-11-07 11:51:46,2024-11-07 12:14:46,Call,James Wilson
L0217,2024-11-07 11:37:19,2024-11-07 11:54:19,Email,Emily Davis
L0218,2024-11-07 11:48:28,2024-11-07 12:17:28,Email,Lisa Brown
L0219,2024-11-07 11:35:52,2024-11-07 11:56:52,Email,Sarah Johnson
L0220,2024-11-07 12:17:59,2024-11-07 14:30:59,Email,Sarah Johnson
L0221,2024-11-07 12:08:28,2024-11-07 12:40:28,SMS,Sarah Johnson
L0222,2024-11-07 12:07:52,,,
L0223,2024-11-07 12:46:23,2024-11-07 13:54:23,SMS,Emily Davis
L0224,2024-11-07 13:20:21,2024-11-07 13:43:21,Email,James Wilson
L0225,2024-11-07 13:04:48,,,
L0226,2024-11-07 13:02:01,2024-11-07 16:38:01,Call,Lisa Brown
L0227,2024-11-07 13:37:19,2024-11-07 17:17:19,Call,James Wilson
L0228,2024-11-07 13:56:57,2024-11-07 17:24:57,Email,Mike Chen
L0229,2024-11-07 13:39:27,2024-11-07 15:27:27,Email,Sarah Johnson
L0230,2024-11-07 14:16:34,2024-11-07 16:56:34,Call,James Wilson
L0231,2024-11-07 14:12:23,2024-11-07 15:07:23,Call,Sarah Johnson
L0232,2024-11-07 14:23:42,2024-11-07 16:49:42,Call,Mike Chen
L0233,2024-11-07 14:56:41,2024-11-07 18:55:41,Email,James Wilson
L0234,2024-11-07 14:55:08,2024-11-07 17:11:08,Call,Mike Chen
L0235,2024-11-07 14:36:56,2024-11-07 17:56:56,Call,James Wilson
L0236,2024-11-07 15:06:18,2024-11-07 17:31:18,Call,Emily Davis
L0237,2024-11-07 15:11:27,2024-11-07 15:40:27,SMS,Emily Davis
L0238,2024-11-07 15:15:44,2024-11-07 16:37:44,Call,James Wilson
L0239,2024-11-07 15:19:52,2024-11-07 15:30:52,Call,Sarah Johnson
L0240,2024-11-07 15:44:38,2024-11-07 16:17:38,Call,Emily Davis
L0241,2024-11-07 15:53:55,2024-11-07 16:25:55,Email,Emily Davis
L0242,2024-11-07 16:01:04,2024-11-07 16:38:04,SMS,Mike Chen
L0243,2024-11-07 16:04:54,,,
L0244,2024-11-07 16:02:15,2024-11-07 16:31:15,Call,Lisa Brown
L0245,2024-11-07 16:04:43,2024-11-07 16:37:43,Email,Sarah Johnson
L0246,2024-11-07 16:42:20,2024-11-07 16:54:20,Email,Sarah Johnson
L0247,2024-11-07 16:45:33,2024-11-07 17:06:33,Email,Emily Davis
L0248,2024-11-07 16:36:39,2024-11-07 18:08:39,SMS,Mike Chen
L0249,2024-11-07 17:28:45,2024-11-07 18:16:45,Email,Emily Davis
L0250,2024-11-07 17:22:04,2024-11-07 19:03:04,Email,Mike Chen
L0251,2024-11-07 17:33:12,2024-11-07 18:09:12,Call,Sarah Johnson
L0252,2024-11-07 17:48:23,2024-11-07 19:11:23,Call,Sarah Johnson
L0253,2024-11-07 18:23:30,2024-11-07 19:42:30,SMS,Mike Chen
L0254,2024-11-07 18:20:04,2024-11-07 21:42:04,Call,Lisa Brown
L0255,2024-11-07 18:43:32,2024-11-07 18:55:32,Call,Lisa Brown
L0256,2024-11-07 18:35:10,2024-11-07 21:48:10,SMS,Emily Davis
L0257,2024-11-07 19:47:17,2024-11-07 22:56:17,Email,Mike Chen
L0258,2024-11-08 07:05:42,2024-11-08 10:30:42,SMS,Sarah Johnson
L0259,2024-11-08 08:20:49,2024-11-08 11:07:49,Email,Lisa Brown
L0260,2024-11-08 08:50:34,2024-11-08 12:46:34,Call,James Wilson
L0261,2024-11-08 08:32:44,2024-11-08 10:25:44,Email,Emily Davis
L0262,2024-11-08 09:22:20,2024-11-08 09:52:20,Email,Mike Chen
L0263,2024-11-08 09:16:35,2024-11-08 09:28:35,Call,Emily Davis
L0264,2024-11-08 09:04:06,2024-11-08 11:52:06,SMS,Mike Chen
L0265,2024-11-08 09:56:20,2024-11-08 10:13:20,Call,Mike Chen
L0266,2024-11-08 09:46:29,2024-11-08 09:52:29,SMS,Sarah Johnson
L0267,2024-11-08 09:46:29,2024-11-08 10:13:29,Call,Sarah Johnson
L0268,2024-11-08 09:45:38,2024-11-08 10:20:38,Email,Emily Davis
L0269,2024-11-08 09:57:06,2024-11-08 12:41:06,Call,Emily Davis
L0270,2024-11-08 10:17:12,2024-11-08 10:46:12,Call,Lisa Brown
L0271,2024-11-08 10:17:17,2024-11-08 11:01:17,Call,Sarah Johnson
L0272,2024-11-08 10:41:50,2024-11-08 11:09:50,Call,Mike Chen
L0273,2024-11-08 10:46:25,2024-11-08 10:59:25,SMS,Emily Davis
L0274,2024-11-08 11:04:38,2024-11-08 11:48:38,Call,Emily Davis
L0275,2024-11-08 11:19:47,2024-11-08 11:56:47,Email,Lisa Brown
L0276,2024-11-08 11:22:36,2024-11-08 15:15:36,SMS,Sarah Johnson
L0277,2024-11-08 11:18:19,2024-11-08 12:07:19,Email,Sarah Johnson
L0278,2024-11-08 11:50:50,2024-11-08 12:09:50,Email,Sarah Johnson
L0279,2024-11-08 11:35:33,2024-11-08 12:04:33,SMS,Mike Chen
L0280,2024-11-08 11:37:02,2024-11-08 11:54:02,Call,Sarah Johnson
L0281,2024-11-08 12:13:44,2024-11-08 15:14:44,Email,Sarah Johnson
L0282,2024-11-08 12:16:13,2024-11-08 14:53:13,SMS,Emily Davis
L0283,2024-11-08 12:47:21,2024-11-08 16:42:21,Email,Emily Davis
L0284,2024-11-08 12:36:15,2024-11-08 14:53:15,Email,Emily Davis
L0285,2024-11-08 13:15:20,2024-11-08 15:26:20,Call,Emily Davis
L0286,2024-11-08 13:21:34,2024-11-08 14:59:34,Call,Emily Davis
L0287,2024-11-08 13:32:22,2024-11-08 15:27:22,SMS,Mike Chen
L0288,2024-11-08 13:38:59,2024-11-08 13:49:59,Email,Lisa Brown
L0289,2024-11-08 13:37:15,2024-11-08 15:37:15,Call,Sarah Johnson
L0290,2024-11-08 14:15:06,2024-11-08 14:55:06,Call,Mike Chen
L0291,2024-11-08 14:29:56,2024-11-08 14:46:56,Call,Emily Davis
L0292,2024-11-08 14:20:03,2024-11-08 15:01:03,Email,Mike Chen
L0293,2024-11-08 14:59:02,2024-11-08 15:15:02,SMS,Sarah Johnson
L0294,2024-11-08 14:42:50,2024-11-08 16:57:50,Call,Sarah Johnson
L0295,2024-11-08 14:48:38,2024-11-08 18:33:38,Email,Lisa Brown
L0296,2024-11-08 14:58:08,2024-11-08 15:15:08,Call,Sarah Johnson
L0297,2024-11-08 15:20:16,2024-11-08 15:46:16,Email,Emily Davis
L0298,2024-11-08 15:24:12,2024-11-08 18:14:12,Call,Lisa Brown
L0299,2024-11-08 15:12:42,2024-11-08 17:16:42,Call,Sarah Johnson
L0300,2024-11-08 15:07:28,2024-11-08 18:34:28,Call,Sarah Johnson
L0301,2024-11-08 15:37:03,2024-11-08 19:33:03,SMS,Lisa Brown
L0302,2024-11-08 15:58:45,2024-11-08 18:14:45,Email,Emily Davis
L0303,2024-11-08 15:37:08,2024-11-08 18:13:08,Email,James Wilson
L0304,2024-11-08 16:24:34,2024-11-08 20:19:34,SMS,Lisa Brown
L0305,2024-11-08 16:02:33,2024-11-08 19:27:33,Call,Sarah Johnson
L0306,2024-11-08 16:17:57,2024-11-08 18:41:57,Call,Lisa Brown
L0307,2024-11-08 16:21:13,2024-11-08 19:16:13,Call,Sarah Johnson
L0308,2024-11-08 16:44:36,2024-11-08 17:50:36,Call,James Wilson
L0309,2024-11-08 16:30:47,2024-11-08 17:02:47,Email,Emily Davis
L0310,2024-11-08 16:47:03,2024-11-08 17:22:03,Call,Sarah Johnson
L0311,2024-11-08 17:04:49,2024-11-08 19:40:49,Call,James Wilson
L0312,2024-11-08 17:42:24,2024-11-08 19:17:24,Call,Emily Davis
L0313,2024-11-08 17:47:25,2024-11-08 18:48:25,SMS,Sarah Johnson
L0314,2024-11-08 17:44:43,2024-11-08 19:43:43,Call,Mike Chen
L0315,2024-11-08 19:24:07,2024-11-08 20:29:07,Call,Mike Chen
L0316,2024-11-08 19:03:38,2024-11-08 20:16:38,Email,Mike Chen
L0317,2024-11-08 19:37:34,2024-11-08 22:46:34,Call,Emily Davis
L0318,2024-11-09 07:18:20,2024-11-09 09:19:20,SMS,Emily Davis
L0319,2024-11-09 07:21:33,,,
L0320,2024-11-09 07:58:47,2024-11-09 11:05:47,SMS,Sarah Johnson
L0321,2024-11-09 07:50:42,2024-11-09 10:35:42,Call,Mike Chen
L0322,2024-11-09 08:37:54,,,
L0323,2024-11-09 09:01:35,2024-11-09 11:41:35,Call,Mike Chen
L0324,2024-11-09 10:41:05,,,
L0325,2024-11-09 11:31:55,2024-11-09 15:23:55,Call,Lisa Brown
L0326,2024-11-09 12:39:58,2024-11-09 14:10:58,SMS,James Wilson
L0327,2024-11-09 12:52:38,2024-11-09 15:15:38,Call,Emily Davis
L0328,2024-11-09 13:11:19,2024-11-09 14:37:19,Email,James Wilson
L0329,2024-11-09 15:53:09,2024-11-09 18:40:09,Call,Emily Davis
L0330,2024-11-09 15:40:14,2024-11-09 19:28:14,Call,Emily Davis
L0331,2024-11-09 16:23:41,2024-11-09 18:54:41,Call,Mike Chen
L0332,2024-11-09 16:17:31,2024-11-09 17:33:31,Call,Lisa Brown
L0333,2024-11-09 16:56:42,2024-11-09 17:09:42,Call,Mike Chen
L0334,2024-11-09 16:34:00,,,
L0335,2024-11-09 17:29:39,,,
L0336,2024-11-09 17:43:00,2024-11-09 19:57:00,Email,Sarah Johnson
L0337,2024-11-09 18:13:51,2024-11-09 18:24:51,Call,Lisa Brown
L0338,2024-11-09 19:26:22,2024-11-09 22:10:22,Email,James Wilson
L0339,2024-11-09 19:37:19,2024-11-09 23:24:19,Call,Sarah Johnson
L0340,2024-11-09 19:42:24,2024-11-09 19:47:24,Call,Mike Chen
L0341,2024-11-10 07:20:50,2024-11-10 10:36:50,Call,Sarah Johnson
L0342,2024-11-10 07:28:55,2024-11-10 08:48:55,SMS,Emily Davis
L0343,2024-11-10 07:31:11,2024-11-10 11:02:11,Email,Mike Chen
L0344,2024-11-10 08:12:59,2024-11-10 10:52:59,Call,Lisa Brown
L0345,2024-11-10 08:34:50,2024-11-10 11:03:50,Call,Sarah Johnson
L0346,2024-11-10 10:19:38,,,
L0347,2024-11-10 11:15:14,2024-11-10 15:10:14,Email,Lisa Brown
L0348,2024-11-10 11:02:49,2024-11-10 12:24:49,Call,Emily Davis
L0349,2024-11-10 11:50:09,,,
L0350,2024-11-10 15:17:32,2024-11-10 15:44:32,Call,Lisa Brown
L0351,2024-11-10 15:40:55,2024-11-10 17:02:55,SMS,Lisa Brown
L0352,2024-11-10 16:18:33,,,
L0353,2024-11-10 16:09:17,2024-11-10 16:41:17,Call,Emily Davis
L0354,2024-11-10 16:32:23,2024-11-10 20:05:23,Call,Lisa Brown
L0355,2024-11-10 18:10:53,2024-11-10 20:36:53,SMS,James Wilson
L0356,2024-11-10 18:27:41,2024-11-10 18:52:41,SMS,Lisa Brown
L0357,2024-11-10 19:40:18,2024-11-10 21:43:18,Call,Emily Davis
L0358,2024-11-10 19:56:50,2024-11-10 20:37:50,Email,Mike Chen
L0359,2024-11-11 07:21:49,2024-11-11 09:15:49,Email,James Wilson
L0360,2024-11-11 07:32:52,2024-11-11 09:08:52,Call,Emily Davis
L0361,2024-11-11 07:51:09,2024-11-11 11:25:09,Email,James Wilson
L0362,2024-11-11 08:29:58,2024-11-11 08:36:58,Email,Emily Davis
L0363,2024-11-11 08:25:34,2024-11-11 10:29:34,Call,Emily Davis
L0364,2024-11-11 08:48:41,2024-11-11 11:39:41,Call,Sarah Johnson
L0365,2024-11-11 08:38:14,2024-11-11 12:06:14,Call,Mike Chen
L0366,2024-11-11 09:24:43,2024-11-11 10:31:43,Call,James Wilson
L0367,2024-11-11 09:13:58,2024-11-11 10:04:58,Call,Mike Chen
L0368,2024-11-11 09:10:29,2024-11-11 10:35:29,Email,James Wilson
L0369,2024-11-11 09:32:19,,,
L0370,2024-11-11 09:40:41,2024-11-11 11:43:41,Call,Lisa Brown
L0371,2024-11-11 09:35:21,2024-11-11 12:19:21,Call,Mike Chen
L0372,2024-11-11 10:12:01,2024-11-11 10:45:01,Call,Lisa Brown
L0373,2024-11-11 10:00:45,2024-11-11 10:50:45,Email,Sarah Johnson
L0374,2024-11-11 10:25:55,2024-11-11 10:42:55,Call,James Wilson
L0375,2024-11-11 10:21:55,2024-11-11 13:01:55,Call,Lisa Brown
L0376,2024-11-11 10:41:54,2024-11-11 11:29:54,SMS,Emily Davis
L0377,2024-11-11 10:48:05,2024-11-11 11:08:05,Call,Emily Davis
L0378,2024-11-11 11:04:32,2024-11-11 11:45:32,Call,James Wilson
L0379,2024-11-11 11:15:40,2024-11-11 13:00:40,Call,Lisa Brown
L0380,2024-11-11 11:09:08,2024-11-11 13:41:08,Call,Sarah Johnson
L0381,2024-11-11 11:42:35,2024-11-11 12:30:35,Call,James Wilson
L0382,2024-11-11 11:56:28,2024-11-11 12:02:28,Call,Mike Chen
L0383,2024-11-11 12:17:18,2024-11-11 15:24:18,Email,Lisa Brown
L0384,2024-11-11 12:38:49,2024-11-11 13:49:49,Email,James Wilson
L0385,2024-11-11 12:43:06,2024-11-11 13:52:06,Call,James Wilson
L0386,2024-11-11 13:02:28,2024-11-11 13:22:28,SMS,Mike Chen
L0387,2024-11-11 13:18:44,2024-11-11 15:01:44,Call,Lisa Brown
L0388,2024-11-11 13:06:52,2024-11-11 13:33:52,Call,Lisa Brown
L0389,2024-11-11 13:40:45,2024-11-11 16:52:45,Call,Sarah Johnson
L0390,2024-11-11 13:54:50,2024-11-11 14:16:50,Email,Mike Chen
L0391,2024-11-11 14:04:45,2024-11-11 14:52:45,Call,James Wilson
L0392,2024-11-11 14:18:40,2024-11-11 14:51:40,Email,Sarah Johnson
L0393,2024-11-11 14:32:25,2024-11-11 15:00:25,SMS,James Wilson
L0394,2024-11-11 14:40:37,2024-11-11 17:38:37,SMS,Emily Davis
L0395,2024-11-11 14:55:34,2024-11-11 18:02:34,Call,Emily Davis
L0396,2024-11-11 14:39:21,2024-11-11 15:15:21,SMS,Emily Davis
L0397,2024-11-11 15:01:06,,,
L0398,2024-11-11 15:29:54,2024-11-11 16:01:54,SMS,Mike Chen
L0399,2024-11-11 15:29:08,2024-11-11 15:51:08,Email,Sarah Johnson
L0400,2024-11-11 15:08:05,2024-11-11 17:50:05,Email,Emily Davis
L0401,2024-11-11 15:43:41,2024-11-11 16:01:41,Call,James Wilson
L0402,2024-11-11 15:48:14,2024-11-11 15:53:14,SMS,Emily Davis
L0403,2024-11-11 15:57:27,2024-11-11 16:16:27,Call,James Wilson
L0404,2024-11-11 15:55:06,2024-11-11 16:19:06,Call,Mike Chen
L0405,2024-11-11 16:27:08,2024-11-11 16:36:08,Email,Lisa Brown
L0406,2024-11-11 16:19:41,2024-11-11 16:37:41,SMS,Mike Chen
L0407,2024-11-11 16:19:43,2024-11-11 16:30:43,Email,Mike Chen
L0408,2024-11-11 16:18:46,2024-11-11 17:54:46,Call,Mike Chen
L0409,2024-11-11 16:47:38,2024-11-11 17:41:38,SMS,Sarah Johnson
L0410,2024-11-11 16:51:56,2024-11-11 17:28:56,Email,Mike Chen
L0411,2024-11-11 17:01:50,2024-11-11 18:30:50,Call,Mike Chen
L0412,2024-11-11 17:46:56,2024-11-11 19:20:56,SMS,James Wilson
L0413,2024-11-11 17:48:26,2024-11-11 19:07:26,Email,Sarah Johnson
L0414,2024-11-11 19:25:25,2024-11-11 22:12:25,Email,James Wilson
L0415,2024-11-11 19:02:40,2024-11-11 21:22:40,Email,Sarah Johnson
L0416,2024-11-12 07:17:20,2024-11-12 11:12:20,Call,Sarah Johnson
L0417,2024-11-12 07:13:46,2024-11-12 07:33:46,SMS,Sarah Johnson
L0418,2024-11-12 08:01:19,2024-11-12 09:05:19,Email,Mike Chen
L0419,2024-11-12 08:05:31,2024-11-12 09:00:31,Call,Emily Davis
L0420,2024-11-12 08:54:55,2024-11-12 10:02:55,SMS,Emily Davis
L0421,2024-11-12 09:02:16,2024-11-12 09:11:16,Call,James Wilson
L0422,2024-11-12 09:11:03,2024-11-12 09:39:03,Call,Mike Chen
L0423,2024-11-12 09:03:57,2024-11-12 09:22:57,Call,Lisa Brown
L0424,2024-11-12 09:30:15,2024-11-12 09:44:15,SMS,Mike Chen
L0425,2024-11-12 09:57:02,2024-11-12 12:45:02,Call,Mike Chen
L0426,2024-11-12 09:43:58,2024-11-12 09:52:58,Call,Lisa Brown
L0427,2024-11-12 09:46:43,2024-11-12 10:24:43,SMS,Sarah Johnson
L0428,2024-11-12 09:32:56,2024-11-12 09:56:56,Call,Emily Davis
L0429,2024-11-12 10:11:12,2024-11-12 11:03:12,Call,Lisa Brown
L0430,2024-11-12 10:11:37,2024-11-12 13:31:37,Call,Mike Chen
L0431,2024-11-12 10:29:26,2024-11-12 11:14:26,SMS,Sarah Johnson
L0432,2024-11-12 10:51:24,2024-11-12 11:02:24,Email,Mike Chen
L0433,2024-11-12 10:37:26,2024-11-12 10:51:26,Call,Emily Davis
L0434,2024-11-12 11:28:54,2024-11-12 11:56:54,SMS,James Wilson
L0435,2024-11-12 11:02:37,2024-11-12 11:32:37,Email,Sarah Johnson
L0436,2024-11-12 11:01:27,2024-11-12 11:24:27,SMS,Emily Davis
L0437,2024-11-12 11:29:51,2024-11-12 11:54:51,Call,Emily Davis
L0438,2024-11-12 11:07:04,2024-11-12 12:01:04,Call,Lisa Brown
L0439,2024-11-12 11:44:29,2024-11-12 12:11:29,Call,Mike Chen
L0440,2024-11-12 11:44:16,2024-11-12 12:32:16,SMS,Emily Davis
L0441,2024-11-12 12:01:13,2024-11-12 12:11:13,SMS,Mike Chen
L0442,2024-11-12 12:12:32,2024-11-12 13:57:32,SMS,Sarah Johnson
L0443,2024-11-12 12:47:47,2024-11-12 12:58:47,Call,Mike Chen
L0444,2024-11-12 12:31:53,2024-11-12 12:48:53,Call,James Wilson
L0445,2024-11-12 12:50:41,2024-11-12 14:10:41,SMS,Sarah Johnson
L0446,2024-11-12 13:20:28,2024-11-12 13:46:28,Call,Sarah Johnson
L0447,2024-11-12 13:35:59,2024-11-12 14:43:59,Email,James Wilson
L0448,2024-11-12 13:35:22,2024-11-12 13:57:22,SMS,James Wilson
L0449,2024-11-12 14:19:39,2024-11-12 14:50:39,Call,Lisa Brown
L0450,2024-11-12 14:02:17,2024-11-12 14:48:17,Call,Lisa Brown
L0451,2024-11-12 14:47:50,2024-11-12 15:37:50,Call,Emily Davis
L0452,2024-11-12 14:55:31,2024-11-12 15:20:31,Call,James Wilson
L0453,2024-11-12 14:30:20,2024-11-12 15:24:20,Call,Emily Davis
L0454,2024-11-12 14:45:33,2024-11-12 15:04:33,Call,Mike Chen
L0455,2024-11-12 15:08:34,2024-11-12 17:05:34,SMS,Lisa Brown
L0456,2024-11-12 15:25:24,2024-11-12 17:11:24,Email,Mike Chen
L0457,2024-11-12 15:25:47,,,
L0458,2024-11-12 15:48:36,2024-11-12 18:55:36,Call,Lisa Brown
L0459,2024-11-12 15:45:02,2024-11-12 16:04:02,Email,Sarah Johnson
L0460,2024-11-12 15:30:21,2024-11-12 15:43:21,Email,Emily Davis
L0461,2024-11-12 15:59:51,2024-11-12 16:05:51,Email,Mike Chen
L0462,2024-11-12 16:24:07,2024-11-12 19:00:07,Email,James Wilson
L0463,2024-11-12 16:10:19,2024-11-12 19:02:19,Email,James Wilson
L0464,2024-11-12 16:05:45,2024-11-12 16:49:45,Call,Emily Davis
L0465,2024-11-12 16:18:52,2024-11-12 17:07:52,Call,Emily Davis
L0466,2024-11-12 16:52:36,2024-11-12 18:01:36,Email,Mike Chen
L0467,2024-11-12 16:59:51,2024-11-12 17:40:51,SMS,Sarah Johnson
L0468,2024-11-12 16:34:21,2024-11-12 16:59:21,Email,Mike Chen
L0469,2024-11-12 16:32:52,2024-11-12 16:58:52,Call,James Wilson
L0470,2024-11-12 17:22:04,2024-11-12 18:35:04,Call,James Wilson
L0471,2024-11-12 17:35:56,2024-11-12 20:12:56,SMS,Sarah Johnson
L0472,2024-11-12 17:55:55,2024-11-12 20:51:55,Email,Sarah Johnson
L0473,2024-11-13 07:28:24,2024-11-13 07:38:24,Email,Emily Davis
L0474,2024-11-13 07:45:45,2024-11-13 10:37:45,Call,Mike Chen
L0475,2024-11-13 08:06:26,2024-11-13 10:14:26,Call,Emily Davis
L0476,2024-11-13 08:03:03,2024-11-13 09:17:03,Call,Emily Davis
L0477,2024-11-13 08:56:42,2024-11-13 09:07:42,Call,Sarah Johnson
L0478,2024-11-13 09:02:30,2024-11-13 09:32:30,Call,James Wilson
L0479,2024-11-13 09:21:16,2024-11-13 09:37:16,SMS,Emily Davis
L0480,2024-11-13 09:11:11,2024-11-13 09:45:11,Call,Emily Davis
L0481,2024-11-13 09:08:36,2024-11-13 09:55:36,Call,Sarah Johnson
L0482,2024-11-13 09:47:26,2024-11-13 10:27:26,SMS,Sarah Johnson
L0483,2024-11-13 09:56:33,2024-11-13 10:31:33,SMS,Lisa Brown
L0484,2024-11-13 09:45:19,2024-11-13 12:54:19,SMS,Lisa Brown
L0485,2024-11-13 10:21:39,2024-11-13 12:04:39,SMS,Mike Chen
L0486,2024-11-13 10:04:02,2024-11-13 13:45:02,SMS,Mike Chen
L0487,2024-11-13 10:08:20,2024-11-13 10:17:20,Call,Sarah Johnson
L0488,2024-11-13 10:12:35,2024-11-13 10:46:35,Email,Sarah Johnson
L0489,2024-11-13 10:19:37,2024-11-13 10:50:37,Call,Mike Chen
L0490,2024-11-13 10:54:06,2024-11-13 11:05:06,SMS,Emily Davis
L0491,2024-11-13 10:58:22,2024-11-13 11:44:22,Email,James Wilson
L0492,2024-11-13 10:45:02,2024-11-13 11:29:02,Email,Lisa Brown
L0493,2024-11-13 10:42:02,2024-11-13 11:31:02,Call,Mike Chen
L0494,2024-11-13 11:08:57,2024-11-13 12:03:57,Call,Emily Davis
L0495,2024-11-13 11:26:31,2024-11-13 11:45:31,Call,Mike Chen
L0496,2024-11-13 11:23:28,2024-11-13 12:14:28,Email,James Wilson
L0497,2024-11-13 11:44:13,2024-11-13 12:20:13,SMS,Lisa Brown
L0498,2024-11-13 11:56:03,2024-11-13 12:20:03,Call,Lisa Brown
L0499,2024-11-13 12:16:56,2024-11-13 12:33:56,Call,Sarah Johnson
L0500,2024-11-13 12:14:03,2024-11-13 15:13:03,Call,Lisa Brown
L0501,2024-11-13 12:29:07,2024-11-13 13:05:07,Call,Lisa Brown
L0502,2024-11-13 12:45:37,2024-11-13 13:06:37,Call,Sarah Johnson
L0503,2024-11-13 12:42:03,2024-11-13 14:39:03,Email,Mike Chen
L0504,2024-11-13 12:38:41,2024-11-13 13:32:41,Call,Sarah Johnson
L0505,2024-11-13 13:05:38,2024-11-13 13:48:38,Email,Emily Davis
L0506,2024-11-13 13:38:27,2024-11-13 15:34:27,Call,James Wilson
L0507,2024-11-13 13:46:52,,,
L0508,2024-11-13 13:51:53,2024-11-13 16:04:53,Email,Emily Davis
L0509,2024-11-13 14:10:17,2024-11-13 17:57:17,Call,Emily Davis
L0510,2024-11-13 14:16:48,2024-11-13 14:59:48,Email,James Wilson
L0511,2024-11-13 14:21:08,2024-11-13 14:44:08,SMS,Emily Davis
L0512,2024-11-13 14:53:02,2024-11-13 17:21:02,Email,Mike Chen
L0513,2024-11-13 14:50:50,2024-11-13 17:07:50,SMS,Mike Chen
L0514,2024-11-13 14:58:35,2024-11-13 15:11:35,Email,Emily Davis
L0515,2024-11-13 15:29:11,2024-11-13 17:26:11,Call,Emily Davis
L0516,2024-11-13 15:27:19,2024-11-13 18:57:19,Call,Emily Davis
L0517,2024-11-13 15:03:30,2024-11-13 15:45:30,Call,Lisa Brown
L0518,2024-11-13 15:46:07,2024-11-13 16:10:07,Call,James Wilson
L0519,2024-11-13 15:57:09,2024-11-13 16:28:09,SMS,Lisa Brown
L0520,2024-11-13 15:44:09,2024-11-13 18:49:09,Email,Emily Davis
L0521,2024-11-13 15:35:20,2024-11-13 15:57:20,Email,Mike Chen
L0522,2024-11-13 16:24:10,2024-11-13 20:02:10,Email,James Wilson
L0523,2024-11-13 16:12:27,2024-11-13 16:19:27,Call,Lisa Brown
L0524,2024-11-13 16:30:57,2024-11-13 20:24:57,Email,Sarah Johnson
L0525,2024-11-13 16:37:14,2024-11-13 16:50:14,Call,Sarah Johnson
L0526,2024-11-13 16:48:19,2024-11-13 19:03:19,Email,James Wilson
L0527,2024-11-13 17:10:27,2024-11-13 20:16:27,Email,Emily Davis
L0528,2024-11-13 17:05:58,2024-11-13 18:39:58,Email,Mike Chen
L0529,2024-11-13 17:35:07,,,
L0530,2024-11-13 17:58:40,,,
L0531,2024-11-13 18:21:06,2024-11-13 19:10:06,Call,Sarah Johnson
L0532,2024-11-13 18:12:07,2024-11-13 22:10:07,Call,Sarah Johnson
L0533,2024-11-13 18:51:33,2024-11-13 20:18:33,Email,Lisa Brown
L0534,2024-11-14 08:08:53,2024-11-14 08:58:53,Call,James Wilson
L0535,2024-11-14 08:45:58,2024-11-14 09:46:58,Email,Sarah Johnson
L0536,2024-11-14 09:26:36,2024-11-14 09:36:36,Call,Lisa Brown
L0537,2024-11-14 09:23:06,2024-11-14 09:57:06,Call,Emily Davis
L0538,2024-11-14 09:01:06,2024-11-14 09:24:06,SMS,Emily Davis
L0539,2024-11-14 09:10:27,2024-11-14 10:03:27,Call,Sarah Johnson
L0540,2024-11-14 09:04:42,2024-11-14 09:37:42,Call,Lisa Brown
L0541,2024-11-14 09:41:52,2024-11-14 10:11:52,Call,James Wilson
L0542,2024-11-14 09:42:44,2024-11-14 10:28:44,Call,Mike Chen
L0543,2024-11-14 09:52:46,2024-11-14 12:39:46,Call,Lisa Brown
L0544,2024-11-14 09:48:43,2024-11-14 10:42:43,Email,Emily Davis
L0545,2024-11-14 10:28:53,2024-11-14 11:03:53,Call,James Wilson
L0546,2024-11-14 10:13:28,2024-11-14 10:38:28,Email,Sarah Johnson
L0547,2024-11-14 10:21:33,2024-11-14 11:02:33,SMS,Mike Chen
L0548,2024-11-14 10:21:55,2024-11-14 11:10:55,Call,Lisa Brown
L0549,2024-11-14 10:21:46,2024-11-14 11:09:46,Call,James Wilson
L0550,2024-11-14 10:58:39,2024-11-14 11:13:39,SMS,Lisa Brown
L0551,2024-11-14 10:57:31,2024-11-14 11:33:31,Call,Emily Davis
L0552,2024-11-14 10:38:03,2024-11-14 11:07:03,SMS,James Wilson
L0553,2024-11-14 10:32:29,2024-11-14 10:42:29,Call,James Wilson
L0554,2024-11-14 10:33:31,2024-11-14 11:03:31,Call,James Wilson
L0555,2024-11-14 11:26:05,2024-11-14 14:37:05,Call,Lisa Brown
L0556,2024-11-14 11:21:29,2024-11-14 11:29:29,SMS,Mike Chen
L0557,2024-11-14 11:10:35,2024-11-14 12:00:35,Email,Emily Davis
L0558,2024-11-14 11:03:06,2024-11-14 11:29:06,SMS,Emily Davis
L0559,2024-11-14 11:39:35,2024-11-14 11:46:35,Call,Mike Chen
L0560,2024-11-14 11:56:45,2024-11-14 12:17:45,Call,Lisa Brown
L0561,2024-11-14 11:33:59,2024-11-14 12:28:59,Email,Mike Chen
L0562,2024-11-14 11:33:48,2024-11-14 15:04:48,Email,Sarah Johnson
L0563,2024-11-14 11:44:29,2024-11-14 14:52:29,Email,Sarah Johnson
L0564,2024-11-14 12:29:27,2024-11-14 14:15:27,Call,Lisa Brown
L0565,2024-11-14 12:33:24,2024-11-14 15:12:24,SMS,James Wilson
L0566,2024-11-14 12:59:44,2024-11-14 13:25:44,Call,Emily Davis
L0567,2024-11-14 12:34:08,2024-11-14 14:51:08,SMS,Lisa Brown
L0568,2024-11-14 13:29:35,2024-11-14 14:13:35,Email,Emily Davis
L0569,2024-11-14 13:29:43,2024-11-14 15:15:43,Email,Lisa Brown
L0570,2024-11-14 13:20:20,2024-11-14 16:50:20,SMS,Lisa Brown
L0571,2024-11-14 13:51:47,2024-11-14 16:40:47,Email,Sarah Johnson
L0572,2024-11-14 13:30:24,2024-11-14 15:12:24,Email,Emily Davis
L0573,2024-11-14 13:34:53,2024-11-14 16:53:53,Call,Sarah Johnson
L0574,2024-11-14 14:19:55,2024-11-14 14:38:55,Call,Lisa Brown
L0575,2024-11-14 14:16:50,2024-11-14 15:05:50,SMS,Sarah Johnson
L0576,2024-11-14 14:12:26,2024-11-14 17:34:26,Call,Sarah Johnson
L0577,2024-11-14 14:49:55,2024-11-14 18:32:55,Email,Emily Davis
L0578,2024-11-14 14:47:47,2024-11-14 17:03:47,Call,James Wilson
L0579,2024-11-14 15:05:11,2024-11-14 15:12:11,Call,James Wilson
L0580,2024-11-14 15:08:08,,,
L0581,2024-11-14 15:14:45,2024-11-14 15:39:45,Call,Lisa Brown
L0582,2024-11-14 15:49:53,2024-11-14 16:30:53,Call,Lisa Brown
L0583,2024-11-14 15:55:45,2024-11-14 16:11:45,Call,Lisa Brown
L0584,2024-11-14 15:46:10,2024-11-14 15:56:10,Call,Emily Davis
L0585,2024-11-14 15:36:42,2024-11-14 15:54:42,Email,Lisa Brown
L0586,2024-11-14 16:26:48,2024-11-14 17:13:48,Call,Emily Davis
L0587,2024-11-14 16:28:41,2024-11-14 16:35:41,Call,Emily Davis
L0588,2024-11-14 16:25:07,2024-11-14 16:48:07,SMS,Sarah Johnson
L0589,2024-11-14 16:26:49,2024-11-14 17:38:49,SMS,Emily Davis
L0590,2024-11-14 16:46:05,2024-11-14 17:40:05,Email,Lisa Brown
L0591,2024-11-14 16:50:04,2024-11-14 20:46:04,SMS,James Wilson
L0592,2024-11-14 17:26:44,2024-11-14 18:45:44,Call,Mike Chen
L0593,2024-11-14 17:31:05,2024-11-14 18:50:05,SMS,Lisa Brown
L0594,2024-11-14 17:59:16,2024-11-14 20:20:16,Call,Sarah Johnson
L0595,2024-11-14 17:33:34,2024-11-14 21:03:34,Email,Sarah Johnson
L0596,2024-11-14 18:33:18,2024-11-14 21:26:18,Call,James Wilson
L0597,2024-11-14 18:51:01,2024-11-14 21:32:01,Call,Lisa Brown
L0598,2024-11-14 19:09:43,2024-11-14 22:55:43,SMS,Emily Davis
L0599,2024-11-15 07:04:07,2024-11-15 10:25:07,Call,Sarah Johnson
L0600,2024-11-15 07:23:47,2024-11-15 07:54:47,Call,Lisa Brown
L0601,2024-11-15 08:08:12,2024-11-15 09:22:12,Call,Lisa Brown
L0602,2024-11-15 08:17:04,2024-11-15 08:28:04,Email,Mike Chen
L0603,2024-11-15 08:40:22,2024-11-15 12:19:22,SMS,Sarah Johnson
L0604,2024-11-15 08:40:31,2024-11-15 12:10:31,Email,Mike Chen
L0605,2024-11-15 09:10:27,2024-11-15 10:05:27,Email,Mike Chen
L0606,2024-11-15 09:20:27,2024-11-15 10:08:27,SMS,Emily Davis
L0607,2024-11-15 09:14:28,2024-11-15 09:54:28,Call,Sarah Johnson
L0608,2024-11-15 09:56:17,2024-11-15 10:35:17,Call,Mike Chen
L0609,2024-11-15 09:58:40,2024-11-15 10:04:40,Email,Lisa Brown
L0610,2024-11-15 09:56:37,2024-11-15 10:14:37,Email,Sarah Johnson
L0611,2024-11-15 09:47:57,2024-11-15 10:41:57,Call,Mike Chen
L0612,2024-11-15 10:24:37,2024-11-15 10:58:37,Email,Lisa Brown
L0613,2024-11-15 10:12:23,2024-11-15 10:56:23,Email,Mike Chen
L0614,2024-11-15 10:04:28,2024-11-15 10:45:28,Email,Mike Chen
L0615,2024-11-15 10:41:02,2024-11-15 10:50:02,Call,Emily Davis
L0616,2024-11-15 10:31:42,2024-11-15 13:32:42,SMS,James Wilson
L0617,2024-11-15 10:31:41,2024-11-15 11:09:41,SMS,Emily Davis
L0618,2024-11-15 11:17:36,2024-11-15 11:45:36,Email,Lisa Brown
L0619,2024-11-15 11:26:04,2024-11-15 11:45:04,Call,Lisa Brown
L0620,2024-11-15 11:26:55,2024-11-15 12:09:55,Email,Sarah Johnson
L0621,2024-11-15 11:35:14,2024-11-15 11:53:14,Call,Mike Chen
L0622,2024-11-15 11:41:38,2024-11-15 12:00:38,SMS,James Wilson
L0623,2024-11-15 12:15:43,2024-11-15 12:30:43,Call,James Wilson
L0624,2024-11-15 12:01:08,2024-11-15 12:46:08,Call,Lisa Brown
L0625,2024-11-15 12:18:09,2024-11-15 15:02:09,SMS,Lisa Brown
L0626,2024-11-15 12:58:46,2024-11-15 14:54:46,Email,James Wilson
L0627,2024-11-15 12:45:55,2024-11-15 13:16:55,Call,Lisa Brown
L0628,2024-11-15 13:24:11,2024-11-15 17:20:11,SMS,Emily Davis
L0629,2024-11-15 13:19:37,2024-11-15 14:24:37,Email,Mike Chen
L0630,2024-11-15 13:51:26,2024-11-15 17:29:26,Call,Lisa Brown
L0631,2024-11-15 13:55:34,2024-11-15 14:30:34,SMS,Mike Chen
L0632,2024-11-15 13:47:52,2024-11-15 16:38:52,Call,Lisa Brown
L0633,2024-11-15 14:22:33,2024-11-15 17:00:33,Email,Emily Davis
L0634,2024-11-15 14:23:58,2024-11-15 14:34:58,Call,James Wilson
L0635,2024-11-15 14:15:49,2024-11-15 17:35:49,Call,James Wilson
L0636,2024-11-15 14:00:45,2024-11-15 14:38:45,Email,Sarah Johnson
L0637,2024-11-15 14:36:44,2024-11-15 14:47:44,Call,Mike Chen
L0638,2024-11-15 14:48:16,2024-11-15 15:29:16,Email,Emily Davis
L0639,2024-11-15 14:51:25,2024-11-15 15:46:25,Call,Lisa Brown
L0640,2024-11-15 15:17:30,2024-11-15 17:59:30,SMS,Mike Chen
L0641,2024-11-15 15:21:07,2024-11-15 17:03:07,Call,Sarah Johnson
L0642,2024-11-15 15:12:50,2024-11-15 16:26:50,Call,Mike Chen
L0643,2024-11-15 15:55:05,2024-11-15 17:18:05,Call,Sarah Johnson
L0644,2024-11-15 15:41:05,2024-11-15 18:24:05,Email,Lisa Brown
L0645,2024-11-15 15:39:45,2024-11-15 16:33:45,Email,Mike Chen
L0646,2024-11-15 16:06:54,2024-11-15 17:15:54,Email,Lisa Brown
L0647,2024-11-15 16:22:14,2024-11-15 20:10:14,SMS,Sarah Johnson
L0648,2024-11-15 16:02:17,2024-11-15 19:33:17,Email,Mike Chen
L0649,2024-11-15 16:32:58,2024-11-15 20:02:58,Call,Emily Davis
L0650,2024-11-15 16:56:17,2024-11-15 19:40:17,Call,Lisa Brown
L0651,2024-11-15 16:35:26,2024-11-15 19:03:26,SMS,Sarah Johnson
L0652,2024-11-15 16:38:56,2024-11-15 19:32:56,Email,James Wilson
L0653,2024-11-15 17:24:21,2024-11-15 20:55:21,Call,Sarah Johnson
L0654,2024-11-15 17:08:04,2024-11-15 21:08:04,SMS,Mike Chen
L0655,2024-11-15 17:13:22,2024-11-15 17:34:22,Call,Mike Chen
L0656,2024-11-15 17:53:52,2024-11-15 20:14:52,Call,Emily Davis
L0657,2024-11-15 17:48:17,2024-11-15 19:37:17,Email,James Wilson
L0658,2024-11-16 07:26:39,,,
L0659,2024-11-16 07:02:43,,,
L0660,2024-11-16 07:31:54,2024-11-16 10:59:54,Call,Emily Davis
L0661,2024-11-16 07:54:58,2024-11-16 09:27:58,Email,Sarah Johnson
L0662,2024-11-16 08:17:02,2024-11-16 10:02:02,SMS,James Wilson
L0663,2024-11-16 08:44:20,2024-11-16 09:02:20,Email,James Wilson
L0664,2024-11-16 09:38:11,2024-11-16 13:15:11,Call,Emily Davis
L0665,2024-11-16 10:06:26,2024-11-16 12:18:26,Call,James Wilson
L0666,2024-11-16 11:07:52,2024-11-16 13:58:52,Call,James Wilson
L0667,2024-11-16 11:53:09,2024-11-16 12:24:09,Call,James Wilson
L0668,2024-11-16 11:58:54,2024-11-16 15:03:54,Call,Emily Davis
L0669,2024-11-16 12:01:25,2024-11-16 14:07:25,SMS,James Wilson
L0670,2024-11-16 12:03:28,2024-11-16 15:26:28,Call,Emily Davis
L0671,2024-11-16 12:41:55,2024-11-16 16:28:55,Call,Lisa Brown
L0672,2024-11-16 13:11:20,2024-11-16 14:32:20,Email,James Wilson
L0673,2024-11-16 13:34:55,2024-11-16 17:16:55,Email,Lisa Brown
L0674,2024-11-16 14:02:05,2024-11-16 16:17:05,Email,Emily Davis
L0675,2024-11-16 14:12:17,2024-11-16 17:43:17,SMS,Lisa Brown
L0676,2024-11-16 14:35:54,2024-11-16 18:35:54,Call,Sarah Johnson
L0677,2024-11-16 16:15:35,2024-11-16 17:37:35,Call,Sarah Johnson
L0678,2024-11-16 16:04:05,2024-11-16 18:08:05,Call,Emily Davis
L0679,2024-11-16 17:05:01,2024-11-16 20:07:01,SMS,James Wilson
L0680,2024-11-16 17:38:35,2024-11-16 19:24:35,Email,Lisa Brown
L0681,2024-11-16 18:20:56,2024-11-16 20:40:56,Call,Emily Davis
L0682,2024-11-17 07:04:19,2024-11-17 08:39:19,Call,Emily Davis
L0683,2024-11-17 07:52:59,2024-11-17 10:43:59,Email,Emily Davis
L0684,2024-11-17 08:17:23,2024-11-17 10:21:23,Email,Mike Chen
L0685,2024-11-17 08:56:24,2024-11-17 09:41:24,Email,Mike Chen
L0686,2024-11-17 09:19:51,2024-11-17 12:36:51,Call,Emily Davis
L0687,2024-11-17 09:35:08,2024-11-17 11:45:08,Call,Lisa Brown
L0688,2024-11-17 09:40:01,,,
L0689,2024-11-17 10:09:17,,,
L0690,2024-11-17 10:02:09,2024-11-17 13:10:09,Call,Emily Davis
L0691,2024-11-17 10:40:05,,,
L0692,2024-11-17 11:02:34,2024-11-17 13:40:34,Call,Sarah Johnson
L0693,2024-11-17 11:37:24,2024-11-17 12:46:24,Call,Mike Chen
L0694,2024-11-17 12:16:42,2024-11-17 14:36:42,Call,Emily Davis
L0695,2024-11-17 12:53:59,2024-11-17 13:28:59,Call,Emily Davis
L0696,2024-11-17 13:27:42,2024-11-17 15:51:42,Call,Sarah Johnson
L0697,2024-11-17 13:08:37,,,
L0698,2024-11-17 14:15:44,,,
L0699,2024-11-17 15:59:48,2024-11-17 16:45:48,Email,Mike Chen
L0700,2024-11-17 16:04:31,2024-11-17 18:33:31,Email,James Wilson
L0701,2024-11-17 17:38:57,2024-11-17 20:57:57,Call,James Wilson
L0702,2024-11-17 19:08:55,2024-11-17 20:26:55,Call,Lisa Brown
L0703,2024-11-18 07:30:49,2024-11-18 08:35:49,SMS,Lisa Brown
L0704,2024-11-18 08:07:20,2024-11-18 10:47:20,Email,Mike Chen
L0705,2024-11-18 08:15:49,2024-11-18 12:00:49,Call,Emily Davis
L0706,2024-11-18 08:16:42,2024-11-18 09:25:42,Call,Mike Chen
L0707,2024-11-18 08:31:36,2024-11-18 12:11:36,Call,Lisa Brown
L0708,2024-11-18 09:19:45,2024-11-18 12:25:45,Call,Sarah Johnson
L0709,2024-11-18 09:20:03,2024-11-18 11:55:03,SMS,Sarah Johnson
L0710,2024-11-18 09:08:33,2024-11-18 09:32:33,SMS,Sarah Johnson
L0711,2024-11-18 09:33:06,2024-11-18 12:48:06,Email,Mike Chen
L0712,2024-11-18 09:35:35,2024-11-18 13:19:35,Call,Lisa Brown
L0713,2024-11-18 09:44:44,2024-11-18 11:31:44,Call,Lisa Brown
L0714,2024-11-18 09:40:42,2024-11-18 12:11:42,Email,Emily Davis
L0715,2024-11-18 09:40:54,2024-11-18 12:03:54,Call,Lisa Brown
L0716,2024-11-18 10:12:49,2024-11-18 10:40:49,Call,James Wilson
L0717,2024-11-18 10:12:00,2024-11-18 13:25:00,SMS,Mike Chen
L0718,2024-11-18 10:09:00,2024-11-18 10:34:00,Email,Sarah Johnson
L0719,2024-11-18 10:22:52,2024-11-18 11:02:52,SMS,Lisa Brown
L0720,2024-11-18 10:31:29,2024-11-18 10:59:29,Call,Lisa Brown
L0721,2024-11-18 10:38:51,2024-11-18 11:19:51,Email,Mike Chen
L0722,2024-11-18 11:25:30,2024-11-18 14:53:30,Email,Sarah Johnson
L0723,2024-11-18 11:09:02,2024-11-18 11:19:02,SMS,Sarah Johnson
L0724,2024-11-18 11:10:22,2024-11-18 11:22:22,Email,Mike Chen
L0725,2024-11-18 11:27:38,2024-11-18 12:12:38,Call,James Wilson
L0726,2024-11-18 11:40:34,2024-11-18 12:29:34,Call,Mike Chen
L0727,2024-11-18 11:51:46,2024-11-18 15:19:46,Call,Lisa Brown
L0728,2024-11-18 11:43:18,2024-11-18 12:09:18,Call,Sarah Johnson
L0729,2024-11-18 11:53:03,2024-11-18 12:23:03,Call,Lisa Brown
L0730,2024-11-18 12:24:08,2024-11-18 12:54:08,Call,Lisa Brown
L0731,2024-11-18 12:19:47,2024-11-18 12:41:47,Call,James Wilson
L0732,2024-11-18 12:32:07,2024-11-18 14:55:07,Email,Emily Davis
L0733,2024-11-18 12:30:49,2024-11-18 15:24:49,Call,Lisa Brown
L0734,2024-11-18 12:31:59,2024-11-18 12:59:59,Email,Mike Chen
L0735,2024-11-18 13:03:47,2024-11-18 15:17:47,Call,Sarah Johnson
L0736,2024-11-18 13:25:07,2024-11-18 16:43:07,Call,Mike Chen
L0737,2024-11-18 13:16:48,2024-11-18 14:53:48,Call,Sarah Johnson
L0738,2024-11-18 13:46:02,2024-11-18 14:03:02,Call,Lisa Brown
L0739,2024-11-18 13:44:41,2024-11-18 14:31:41,Email,Emily Davis
L0740,2024-11-18 13:59:42,2024-11-18 14:22:42,Call,James Wilson
L0741,2024-11-18 14:22:06,2024-11-18 15:05:06,Call,Lisa Brown
L0742,2024-11-18 14:06:32,2024-11-18 14:56:32,Call,Sarah Johnson
L0743,2024-11-18 14:29:33,2024-11-18 15:21:33,Call,Mike Chen
L0744,2024-11-18 14:41:40,2024-11-18 16:52:40,Email,Sarah Johnson
L0745,2024-11-18 14:58:24,,,
L0746,2024-11-18 14:47:17,2024-11-18 15:17:17,Call,Mike Chen
L0747,2024-11-18 15:21:39,2024-11-18 15:52:39,Email,Mike Chen
L0748,2024-11-18 15:13:19,2024-11-18 15:52:19,Call,Mike Chen
L0749,2024-11-18 15:04:37,2024-11-18 17:24:37,SMS,Lisa Brown
L0750,2024-11-18 15:59:49,2024-11-18 18:21:49,Email,Sarah Johnson
L0751,2024-11-18 15:53:07,2024-11-18 17:01:07,SMS,Emily Davis
L0752,2024-11-18 15:43:26,2024-11-18 19:27:26,Call,Emily Davis
L0753,2024-11-18 16:04:11,2024-11-18 19:40:11,Email,Lisa Brown
L0754,2024-11-18 16:19:14,2024-11-18 16:29:14,Call,James Wilson
L0755,2024-11-18 16:45:45,2024-11-18 17:14:45,Call,James Wilson
L0756,2024-11-18 16:35:12,2024-11-18 16:40:12,SMS,Emily Davis
L0757,2024-11-18 16:37:47,2024-11-18 16:55:47,Call,Sarah Johnson
L0758,2024-11-18 16:44:55,2024-11-18 17:18:55,Call,Mike Chen
L0759,2024-11-18 17:19:47,2024-11-18 20:46:47,Email,Lisa Brown
L0760,2024-11-18 17:20:56,2024-11-18 17:31:56,Call,James Wilson
L0761,2024-11-18 17:28:02,2024-11-18 18:07:02,SMS,James Wilson
L0762,2024-11-18 17:42:33,2024-11-18 20:35:33,SMS,James Wilson
L0763,2024-11-18 18:09:29,2024-11-18 22:06:29,SMS,Lisa Brown
L0764,2024-11-18 18:50:28,2024-11-18 22:20:28,Call,Lisa Brown
L0765,2024-11-18 19:14:01,2024-11-18 21:06:01,Call,James Wilson
L0766,2024-11-18 19:50:58,2024-11-18 20:41:58,Call,Sarah Johnson
L0767,2024-11-19 07:20:23,2024-11-19 10:31:23,SMS,Lisa Brown
L0768,2024-11-19 07:42:02,2024-11-19 11:31:02,Call,Mike Chen
L0769,2024-11-19 08:24:45,2024-11-19 09:15:45,Call,James Wilson
L0770,2024-11-19 08:58:08,2024-11-19 09:51:08,Call,Emily Davis
L0771,2024-11-19 09:15:34,2024-11-19 09:51:34,Call,Mike Chen
L0772,2024-11-19 09:21:30,2024-11-19 10:04:30,Call,Lisa Brown
L0773,2024-11-19 09:28:35,2024-11-19 09:46:35,Call,Sarah Johnson
L0774,2024-11-19 09:41:02,2024-11-19 10:22:02,Call,Lisa Brown
L0775,2024-11-19 09:59:05,2024-11-19 10:15:05,Email,Mike Chen
L0776,2024-11-19 10:22:44,2024-11-19 10:38:44,Email,James Wilson
L0777,2024-11-19 10:11:59,2024-11-19 10:36:59,SMS,Emily Davis
L0778,2024-11-19 10:26:04,2024-11-19 10:35:04,Call,Emily Davis
L0779,2024-11-19 10:03:44,2024-11-19 10:34:44,Call,Lisa Brown
L0780,2024-11-19 10:31:06,2024-11-19 11:54:06,Email,James Wilson
L0781,2024-11-19 10:49:59,2024-11-19 11:21:59,SMS,Lisa Brown
L0782,2024-11-19 10:38:33,2024-11-19 10:51:33,Email,Lisa Brown
L0783,2024-11-19 11:20:31,2024-11-19 12:04:31,Email,Mike Chen
L0784,2024-11-19 11:06:00,2024-11-19 12:01:00,Email,Sarah Johnson
L0785,2024-11-19 11:06:51,2024-11-19 11:13:51,Call,Emily Davis
L0786,2024-11-19 11:25:40,2024-11-19 12:14:40,Call,Emily Davis
L0787,2024-11-19 11:39:32,2024-11-19 11:51:32,Call,Emily Davis
L0788,2024-11-19 11:53:36,2024-11-19 12:09:36,Call,Mike Chen
L0789,2024-11-19 12:21:30,2024-11-19 15:25:30,Email,Mike Chen
L0790,2024-11-19 12:28:55,2024-11-19 13:23:55,SMS,James Wilson
L0791,2024-11-19 12:46:19,2024-11-19 13:51:19,Email,Mike Chen
L0792,2024-11-19 13:29:56,2024-11-19 13:43:56,SMS,Emily Davis
L0793,2024-11-19 13:10:24,2024-11-19 15:50:24,Email,Mike Chen
L0794,2024-11-19 13:54:19,2024-11-19 14:01:19,Call,Emily Davis
L0795,2024-11-19 13:45:56,2024-11-19 15:41:56,Call,Lisa Brown
L0796,2024-11-19 13:33:23,2024-11-19 16:27:23,Call,Lisa Brown
L0797,2024-11-19 14:16:09,2024-11-19 17:31:09,Email,Emily Davis
L0798,2024-11-19 14:04:49,2024-11-19 17:58:49,Call,Mike Chen
L0799,2024-11-19 14:01:29,2024-11-19 16:21:29,Email,Sarah Johnson
L0800,2024-11-19 14:32:21,2024-11-19 15:10:21,Call,Emily Davis
L0801,2024-11-19 14:54:19,2024-11-19 15:11:19,Call,Mike Chen
L0802,2024-11-19 14:47:20,2024-11-19 15:09:20,Call,Mike Chen
L0803,2024-11-19 15:19:35,2024-11-19 15:46:35,Call,Lisa Brown
L0804,2024-11-19 15:04:45,2024-11-19 15:19:45,Call,Sarah Johnson
L0805,2024-11-19 15:47:28,2024-11-19 16:35:28,Call,Sarah Johnson
L0806,2024-11-19 15:31:05,2024-11-19 16:14:05,Email,Lisa Brown
L0807,2024-11-19 15:52:44,2024-11-19 16:18:44,Email,Mike Chen
L0808,2024-11-19 15:51:51,2024-11-19 18:51:51,Call,Lisa Brown
L0809,2024-11-19 16:29:44,2024-11-19 17:17:44,Call,James Wilson
L0810,2024-11-19 16:07:09,2024-11-19 16:35:09,Call,James Wilson
L0811,2024-11-19 16:29:42,2024-11-19 19:34:42,Call,Sarah Johnson
L0812,2024-11-19 16:03:22,2024-11-19 18:33:22,Email,Lisa Brown
L0813,2024-11-19 16:42:52,2024-11-19 17:22:52,Email,Sarah Johnson
L0814,2024-11-19 16:47:29,2024-11-19 17:31:29,Email,Mike Chen
L0815,2024-11-19 16:45:24,2024-11-19 17:34:24,Call,Lisa Brown
L0816,2024-11-19 17:18:50,2024-11-19 21:10:50,Email,Sarah Johnson
L0817,2024-11-19 17:22:36,2024-11-19 18:05:36,Call,James Wilson
L0818,2024-11-19 17:03:52,2024-11-19 20:37:52,Email,Sarah Johnson
L0819,2024-11-19 17:56:24,2024-11-19 19:52:24,SMS,Mike Chen
L0820,2024-11-19 17:58:48,2024-11-19 18:12:48,Call,Mike Chen
L0821,2024-11-19 18:44:12,2024-11-19 22:38:12,SMS,Emily Davis
L0822,2024-11-19 19:22:58,2024-11-19 19:27:58,SMS,Lisa Brown
L0823,2024-11-19 19:12:54,2024-11-19 22:33:54,Call,Sarah Johnson
L0824,2024-11-19 19:41:07,2024-11-19 23:41:07,Call,Lisa Brown
L0825,2024-11-20 07:12:25,2024-11-20 10:14:25,Call,Mike Chen
L0826,2024-11-20 07:59:23,2024-11-20 08:46:23,Call,Mike Chen
L0827,2024-11-20 08:00:09,2024-11-20 08:32:09,Call,Mike Chen
L0828,2024-11-20 08:43:55,2024-11-20 11:32:55,Call,Lisa Brown
L0829,2024-11-20 08:46:27,2024-11-20 09:13:27,Call,Mike Chen
L0830,2024-11-20 09:18:31,2024-11-20 09:55:31,Call,Emily Davis
L0831,2024-11-20 09:17:36,2024-11-20 11:52:36,Email,Sarah Johnson
L0832,2024-11-20 09:22:05,2024-11-20 10:15:05,Call,Emily Davis
L0833,2024-11-20 09:02:33,2024-11-20 09:37:33,Email,Sarah Johnson
L0834,2024-11-20 09:48:19,2024-11-20 10:27:19,Call,Sarah Johnson
L0835,2024-11-20 09:46:57,2024-11-20 10:17:57,SMS,Emily Davis
L0836,2024-11-20 09:55:18,2024-11-20 10:38:18,Email,Emily Davis
L0837,2024-11-20 09:48:16,2024-11-20 10:03:16,Call,Lisa Brown
L0838,2024-11-20 10:25:47,2024-11-20 10:35:47,Email,Mike Chen
L0839,2024-11-20 10:27:50,2024-11-20 10:49:50,SMS,Emily Davis
L0840,2024-11-20 10:00:47,2024-11-20 10:42:47,Email,Mike Chen
L0841,2024-11-20 10:11:51,2024-11-20 10:31:51,Call,James Wilson
L0842,2024-11-20 10:16:55,2024-11-20 13:49:55,SMS,Mike Chen
L0843,2024-11-20 10:43:49,2024-11-20 11:34:49,Call,Mike Chen
L0844,2024-11-20 10:53:53,2024-11-20 11:46:53,Call,Sarah Johnson
L0845,2024-11-20 10:44:25,2024-11-20 11:37:25,Call,Lisa Brown
L0846,2024-11-20 10:51:45,2024-11-20 11:29:45,Call,James Wilson
L0847,2024-11-20 11:14:24,2024-11-20 12:02:24,Call,Sarah Johnson
L0848,2024-11-20 11:17:40,2024-11-20 12:01:40,Call,Emily Davis
L0849,2024-11-20 11:08:51,2024-11-20 11:38:51,Email,James Wilson
L0850,2024-11-20 11:23:15,2024-11-20 11:40:15,Call,Lisa Brown
L0851,2024-11-20 11:22:11,2024-11-20 11:27:11,Call,Sarah Johnson
L0852,2024-11-20 11:33:43,2024-11-20 11:56:43,Call,Emily Davis
L0853,2024-11-20 11:30:39,2024-11-20 13:26:39,Email,Lisa Brown
L0854,2024-11-20 12:03:05,2024-11-20 12:50:05,SMS,Lisa Brown
L0855,2024-11-20 12:05:57,2024-11-20 12:28:57,Email,James Wilson
L0856,2024-11-20 12:02:40,2024-11-20 16:00:40,Call,Emily Davis
L0857,2024-11-20 12:38:49,2024-11-20 14:45:49,Call,Emily Davis
L0858,2024-11-20 12:32:31,2024-11-20 13:02:31,Email,Mike Chen
L0859,2024-11-20 12:33:09,2024-11-20 14:01:09,Email,James Wilson
L0860,2024-11-20 13:02:04,2024-11-20 13:35:04,SMS,Sarah Johnson
L0861,2024-11-20 13:50:00,2024-11-20 17:50:00,SMS,Emily Davis
L0862,2024-11-20 14:16:45,2024-11-20 14:48:45,SMS,James Wilson
L0863,2024-11-20 14:24:51,2024-11-20 14:29:51,SMS,James Wilson
L0864,2024-11-20 14:26:49,2024-11-20 14:53:49,Email,Emily Davis
L0865,2024-11-20 14:50:41,2024-11-20 15:16:41,SMS,Sarah Johnson
L0866,2024-11-20 14:54:49,2024-11-20 15:34:49,SMS,Sarah Johnson
L0867,2024-11-20 14:51:12,2024-11-20 15:02:12,Call,Emily Davis
L0868,2024-11-20 15:14:47,2024-11-20 15:20:47,Call,Lisa Brown
L0869,2024-11-20 15:12:04,2024-11-20 15:48:04,SMS,Lisa Brown
L0870,2024-11-20 15:25:28,2024-11-20 15:51:28,Call,Sarah Johnson
L0871,2024-11-20 15:23:02,2024-11-20 16:09:02,Call,Lisa Brown
L0872,2024-11-20 15:57:34,2024-11-20 16:06:34,Email,Sarah Johnson
L0873,2024-11-20 15:45:41,2024-11-20 17:48:41,Call,Mike Chen
L0874,2024-11-20 15:50:03,2024-11-20 16:01:03,Email,James Wilson
L0875,2024-11-20 16:02:52,2024-11-20 16:45:52,Call,Lisa Brown
L0876,2024-11-20 16:25:12,2024-11-20 20:19:12,Call,James Wilson
L0877,2024-11-20 16:21:36,2024-11-20 17:16:36,Email,Mike Chen
L0878,2024-11-20 16:18:11,2024-11-20 16:32:11,Call,James Wilson
L0879,2024-11-20 16:35:28,2024-11-20 16:48:28,Email,Sarah Johnson
L0880,2024-11-20 16:50:39,2024-11-20 17:26:39,Call,Sarah Johnson
L0881,2024-11-20 16:35:59,2024-11-20 16:58:59,Email,James Wilson
L0882,2024-11-20 17:15:44,2024-11-20 17:37:44,Call,Lisa Brown
L0883,2024-11-20 17:07:11,2024-11-20 17:23:11,Email,James Wilson
L0884,2024-11-20 17:02:40,2024-11-20 17:33:40,Email,Sarah Johnson
L0885,2024-11-20 17:46:06,2024-11-20 20:56:06,Call,Mike Chen
L0886,2024-11-20 18:06:17,2024-11-20 18:20:17,Call,James Wilson
L0887,2024-11-20 19:01:41,2024-11-20 19:22:41,Email,Emily Davis
L0888,2024-11-20 19:28:48,2024-11-20 19:36:48,Call,Lisa Brown
L0889,2024-11-20 19:45:32,2024-11-20 23:17:32,Call,Lisa Brown
L0890,2024-11-21 07:40:14,2024-11-21 07:51:14,Email,Mike Chen
L0891,2024-11-21 08:12:57,2024-11-21 11:04:57,Call,Mike Chen
L0892,2024-11-21 08:19:29,2024-11-21 10:09:29,SMS,Emily Davis
L0893,2024-11-21 08:06:21,2024-11-21 09:41:21,SMS,Sarah Johnson
L0894,2024-11-21 08:35:48,2024-11-21 12:19:48,SMS,Lisa Brown
L0895,2024-11-21 08:48:35,2024-11-21 09:26:35,SMS,James Wilson
L0896,2024-11-21 09:15:53,2024-11-21 09:47:53,Call,Mike Chen
L0897,2024-11-21 09:13:37,2024-11-21 12:40:37,Call,Sarah Johnson
L0898,2024-11-21 09:01:02,2024-11-21 09:38:02,Call,Sarah Johnson
L0899,2024-11-21 09:55:51,2024-11-21 10:31:51,Call,Mike Chen
L0900,2024-11-21 09:54:00,2024-11-21 10:12:00,Call,Mike Chen
L0901,2024-11-21 09:37:41,2024-11-21 10:24:41,Call,Emily Davis
L0902,2024-11-21 10:18:47,2024-11-21 11:54:47,Call,James Wilson
L0903,2024-11-21 10:27:23,2024-11-21 10:32:23,Call,Sarah Johnson
L0904,2024-11-21 10:22:21,2024-11-21 11:15:21,Email,Emily Davis
L0905,2024-11-21 10:48:50,2024-11-21 11:32:50,Email,Emily Davis
L0906,2024-11-21 10:31:32,2024-11-21 10:39:32,Call,Sarah Johnson
L0907,2024-11-21 10:44:39,2024-11-21 11:30:39,Email,Lisa Brown
L0908,2024-11-21 10:47:45,2024-11-21 11:13:45,Email,Mike Chen
L0909,2024-11-21 11:23:48,2024-11-21 13:21:48,Call,Emily Davis
L0910,2024-11-21 11:08:32,2024-11-21 11:17:32,Call,Emily Davis
L0911,2024-11-21 11:15:32,2024-11-21 12:05:32,Email,Lisa Brown
L0912,2024-11-21 11:17:57,2024-11-21 12:05:57,Call,Sarah Johnson
L0913,2024-11-21 11:32:05,2024-11-21 11:41:05,Call,Sarah Johnson
L0914,2024-11-21 11:33:44,2024-11-21 11:51:44,SMS,Lisa Brown
L0915,2024-11-21 11:30:18,2024-11-21 11:43:18,Call,James Wilson
L0916,2024-11-21 11:44:47,2024-11-21 11:53:47,SMS,Sarah Johnson
L0917,2024-11-21 11:37:53,2024-11-21 12:08:53,Call,Lisa Brown
L0918,2024-11-21 12:10:31,2024-11-21 15:04:31,Call,James Wilson
L0919,2024-11-21 12:04:57,2024-11-21 12:25:57,Call,Mike Chen
L0920,2024-11-21 12:54:54,2024-11-21 14:37:54,SMS,Lisa Brown
L0921,2024-11-21 12:52:34,2024-11-21 16:50:34,Call,Mike Chen
L0922,2024-11-21 12:33:02,2024-11-21 15:08:02,Call,Mike Chen
L0923,2024-11-21 13:21:20,2024-11-21 13:54:20,SMS,Lisa Brown
L0924,2024-11-21 13:17:19,2024-11-21 13:53:19,SMS,Mike Chen
L0925,2024-11-21 13:29:20,2024-11-21 16:39:20,Email,Emily Davis
L0926,2024-11-21 13:58:18,2024-11-21 17:49:18,Email,Mike Chen
L0927,2024-11-21 14:29:28,2024-11-21 15:04:28,Call,Sarah Johnson
L0928,2024-11-21 14:17:07,2024-11-21 14:36:07,Call,James Wilson
L0929,2024-11-21 14:10:03,2024-11-21 14:48:03,Email,Mike Chen
L0930,2024-11-21 14:24:17,2024-11-21 14:57:17,SMS,Sarah Johnson
L0931,2024-11-21 14:45:20,2024-11-21 14:53:20,Call,Emily Davis
L0932,2024-11-21 14:52:54,2024-11-21 14:57:54,Call,Emily Davis
L0933,2024-11-21 14:39:28,2024-11-21 15:30:28,Email,James Wilson
L0934,2024-11-21 15:14:18,2024-11-21 18:01:18,SMS,Mike Chen
L0935,2024-11-21 15:19:05,2024-11-21 15:57:05,Call,Emily Davis
L0936,2024-11-21 15:18:48,2024-11-21 16:03:48,Call,Emily Davis
L0937,2024-11-21 15:52:36,2024-11-21 16:08:36,Call,James Wilson
L0938,2024-11-21 15:45:02,2024-11-21 16:27:02,Call,Emily Davis
L0939,2024-11-21 15:53:29,2024-11-21 18:10:29,Call,James Wilson
L0940,2024-11-21 16:09:26,2024-11-21 17:17:26,Email,Sarah Johnson
L0941,2024-11-21 16:15:04,2024-11-21 16:50:04,Call,Lisa Brown
L0942,2024-11-21 16:08:40,2024-11-21 18:44:40,Email,Lisa Brown
L0943,2024-11-21 16:38:10,2024-11-21 17:12:10,Call,Mike Chen
L0944,2024-11-21 16:31:17,2024-11-21 16:58:17,Call,Sarah Johnson
L0945,2024-11-21 17:29:04,2024-11-21 18:54:04,Email,Lisa Brown
L0946,2024-11-21 17:17:20,2024-11-21 19:35:20,Email,Emily Davis
L0947,2024-11-21 17:33:34,,,
L0948,2024-11-21 17:46:18,2024-11-21 19:28:18,Call,Sarah Johnson
L0949,2024-11-21 18:26:12,2024-11-21 21:41:12,Email,Lisa Brown
L0950,2024-11-21 18:55:07,2024-11-21 20:29:07,Call,Sarah Johnson
L0951,2024-11-21 19:11:08,2024-11-21 21:39:08,Email,Mike Chen
L0952,2024-11-22 07:07:08,2024-11-22 07:26:08,Call,Emily Davis
L0953,2024-11-22 07:04:05,2024-11-22 08:09:05,Email,James Wilson
L0954,2024-11-22 08:25:42,2024-11-22 08:37:42,Call,Emily Davis
L0955,2024-11-22 08:30:48,2024-11-22 09:13:48,Email,Mike Chen
L0956,2024-11-22 08:36:11,2024-11-22 08:50:11,SMS,Emily Davis
L0957,2024-11-22 09:05:54,2024-11-22 09:25:54,Email,Lisa Brown
L0958,2024-11-22 09:03:52,2024-11-22 09:21:52,SMS,Mike Chen
L0959,2024-11-22 09:05:57,2024-11-22 09:56:57,SMS,Sarah Johnson
L0960,2024-11-22 09:57:45,2024-11-22 10:13:45,Email,James Wilson
L0961,2024-11-22 09:33:11,2024-11-22 12:45:11,Call,Mike Chen
L0962,2024-11-22 09:54:20,2024-11-22 10:07:20,Email,James Wilson
L0963,2024-11-22 09:52:18,2024-11-22 10:17:18,Call,James Wilson
L0964,2024-11-22 09:39:29,2024-11-22 10:12:29,Email,Mike Chen
L0965,2024-11-22 10:27:27,2024-11-22 11:02:27,Call,Emily Davis
L0966,2024-11-22 10:21:31,2024-11-22 10:59:31,Call,Sarah Johnson
L0967,2024-11-22 10:12:25,2024-11-22 11:56:25,Call,Sarah Johnson
L0968,2024-11-22 10:36:38,2024-11-22 10:55:38,Email,James Wilson
L0969,2024-11-22 10:38:48,2024-11-22 11:00:48,Call,James Wilson
L0970,2024-11-22 11:12:31,2024-11-22 11:46:31,Call,Sarah Johnson
L0971,2024-11-22 11:15:31,,,
L0972,2024-11-22 11:23:03,2024-11-22 11:29:03,Call,Mike Chen
L0973,2024-11-22 11:21:20,2024-11-22 11:32:20,Email,Sarah Johnson
L0974,2024-11-22 11:45:50,2024-11-22 12:21:50,Email,James Wilson
L0975,2024-11-22 11:47:21,2024-11-22 11:53:21,SMS,Sarah Johnson
L0976,2024-11-22 11:58:58,2024-11-22 12:27:58,Call,James Wilson
L0977,2024-11-22 11:31:11,2024-11-22 11:55:11,Call,Mike Chen
L0978,2024-11-22 12:22:24,2024-11-22 13:10:24,Email,James Wilson
L0979,2024-11-22 12:48:30,2024-11-22 15:29:30,Call,Emily Davis
L0980,2024-11-22 12:42:39,2024-11-22 13:58:39,Email,Sarah Johnson
L0981,2024-11-22 13:11:22,2024-11-22 16:52:22,Call,Emily Davis
L0982,2024-11-22 13:41:26,2024-11-22 17:27:26,Email,Emily Davis
L0983,2024-11-22 13:59:44,2024-11-22 15:05:44,Call,Lisa Brown
L0984,2024-11-22 14:27:27,2024-11-22 18:26:27,Email,James Wilson
L0985,2024-11-22 14:10:24,2024-11-22 14:21:24,Call,James Wilson
L0986,2024-11-22 14:21:13,2024-11-22 15:14:13,Call,Emily Davis
L0987,2024-11-22 14:43:12,2024-11-22 18:01:12,Call,Mike Chen
L0988,2024-11-22 14:31:19,2024-11-22 14:50:19,Email,Lisa Brown
L0989,2024-11-22 15:27:37,2024-11-22 18:43:37,Call,James Wilson
L0990,2024-11-22 15:11:50,2024-11-22 17:28:50,Email,James Wilson
L0991,2024-11-22 15:43:25,2024-11-22 19:04:25,SMS,Mike Chen
L0992,2024-11-22 15:50:45,2024-11-22 16:26:45,Email,Mike Chen
L0993,2024-11-22 15:56:47,2024-11-22 16:41:47,SMS,Lisa Brown
L0994,2024-11-22 16:29:27,2024-11-22 18:21:27,Call,Emily Davis
L0995,2024-11-22 16:07:09,2024-11-22 18:53:09,SMS,Emily Davis
L0996,2024-11-22 16:29:04,2024-11-22 18:43:04,Call,Mike Chen
L0997,2024-11-22 16:19:15,2024-11-22 16:36:15,Call,Sarah Johnson
L0998,2024-11-22 16:44:31,2024-11-22 17:54:31,Call,Mike Chen
L0999,2024-11-22 16:34:01,2024-11-22 18:20:01,SMS,Sarah Johnson
L1000,2024-11-22 16:45:50,2024-11-22 20:20:50,SMS,Emily Davis
L1001,2024-11-22 16:58:26,2024-11-22 19:40:26,Call,Mike Chen
L1002,2024-11-22 17:16:59,2024-11-22 20:31:59,Call,Emily Davis
L1003,2024-11-22 17:02:15,2024-11-22 20:32:15,SMS,James Wilson
L1004,2024-11-22 17:59:27,2024-11-22 18:17:27,Call,Emily Davis
L1005,2024-11-22 17:38:55,2024-11-22 19:07:55,Email,Emily Davis
L1006,2024-11-22 17:45:43,2024-11-22 19:23:43,Call,Emily Davis
L1007,2024-11-22 18:09:01,,,
L1008,2024-11-22 18:55:03,2024-11-22 22:17:03,Call,James Wilson
L1009,2024-11-22 19:11:57,2024-11-22 19:31:57,Call,James Wilson
L1010,2024-11-22 19:29:25,2024-11-22 21:30:25,Call,Emily Davis
L1011,2024-11-22 19:59:28,2024-11-22 22:44:28,Call,Sarah Johnson
L1012,2024-11-22 19:32:52,2024-11-22 21:58:52,SMS,James Wilson
L1013,2024-11-23 07:26:10,2024-11-23 11:01:10,Email,Lisa Brown
L1014,2024-11-23 07:14:44,2024-11-23 08:00:44,Email,Mike Chen
L1015,2024-11-23 07:34:00,2024-11-23 08:56:00,Call,Sarah Johnson
L1016,2024-11-23 08:24:53,2024-11-23 09:07:53,Email,James Wilson
L1017,2024-11-23 09:23:08,2024-11-23 11:36:08,Call,Mike Chen
L1018,2024-11-23 11:18:14,2024-11-23 11:58:14,Email,Lisa Brown
L1019,2024-11-23 11:29:05,2024-11-23 12:18:05,Call,Mike Chen
L1020,2024-11-23 11:49:16,2024-11-23 15:15:16,Call,Sarah Johnson
L1021,2024-11-23 12:24:58,2024-11-23 14:22:58,Call,Mike Chen
L1022,2024-11-23 12:55:17,,,
L1023,2024-11-23 12:57:13,2024-11-23 16:51:13,Call,Mike Chen
L1024,2024-11-23 13:04:01,2024-11-23 15:08:01,Email,Emily Davis
L1025,2024-11-23 13:32:00,2024-11-23 16:14:00,Email,Mike Chen
L1026,2024-11-23 14:23:38,2024-11-23 14:31:38,Call,Sarah Johnson
L1027,2024-11-23 15:19:42,2024-11-23 16:31:42,Call,Sarah Johnson
L1028,2024-11-23 15:19:24,2024-11-23 18:43:24,Email,Sarah Johnson
L1029,2024-11-23 16:29:21,2024-11-23 16:54:21,Call,Lisa Brown
L1030,2024-11-23 17:45:55,2024-11-23 20:36:55,SMS,Emily Davis
L1031,2024-11-23 17:38:39,2024-11-23 20:30:39,Call,Mike Chen
L1032,2024-11-23 18:24:09,2024-11-23 21:17:09,Call,Sarah Johnson
L1033,2024-11-23 18:01:14,2024-11-23 21:01:14,Call,James Wilson
L1034,2024-11-23 18:45:02,2024-11-23 21:43:02,Call,James Wilson
L1035,2024-11-23 18:53:55,2024-11-23 21:06:55,SMS,Mike Chen
L1036,2024-11-23 19:26:17,2024-11-23 20:28:17,Email,Lisa Brown
L1037,2024-11-24 07:07:49,2024-11-24 07:33:49,Call,Sarah Johnson
L1038,2024-11-24 07:21:07,2024-11-24 09:44:07,Call,Mike Chen
L1039,2024-11-24 07:52:42,2024-11-24 11:41:42,Call,Sarah Johnson
L1040,2024-11-24 08:44:20,2024-11-24 12:10:20,Call,Mike Chen
L1041,2024-11-24 09:40:51,2024-11-24 12:18:51,Call,Sarah Johnson
L1042,2024-11-24 10:57:25,2024-11-24 13:41:25,Email,Emily Davis
L1043,2024-11-24 10:50:09,2024-11-24 13:10:09,Call,Lisa Brown
L1044,2024-11-24 11:26:23,2024-11-24 14:28:23,Email,Emily Davis
L1045,2024-11-24 11:54:27,2024-11-24 14:44:27,Call,Sarah Johnson
L1046,2024-11-24 12:37:41,2024-11-24 13:13:41,Email,Lisa Brown
L1047,2024-11-24 13:09:29,2024-11-24 14:48:29,Email,Mike Chen
L1048,2024-11-24 14:48:03,2024-11-24 17:59:03,Call,James Wilson
L1049,2024-11-24 15:23:36,2024-11-24 18:32:36,Call,Sarah Johnson
L1050,2024-11-24 15:35:50,,,
L1051,2024-11-24 16:09:20,2024-11-24 19:49:20,Call,Emily Davis
L1052,2024-11-24 16:29:55,2024-11-24 16:39:55,Call,Lisa Brown
L1053,2024-11-24 16:43:34,,,
L1054,2024-11-24 17:14:44,2024-11-24 20:19:44,Email,Emily Davis
L1055,2024-11-24 17:41:44,2024-11-24 19:59:44,Call,Sarah Johnson
L1056,2024-11-24 17:30:12,2024-11-24 17:47:12,Call,Sarah Johnson
L1057,2024-11-24 18:20:15,2024-11-24 20:09:15,Call,Sarah Johnson
L1058,2024-11-24 18:45:27,2024-11-24 22:45:27,SMS,James Wilson
L1059,2024-11-24 19:27:28,2024-11-24 22:08:28,Call,Sarah Johnson
